date,station_id,robust_z,peak_flow,baseline_peak,surge_ratio,peak_time,peak_bin,day_total,weekday
2023-05-06,124,78.33332824707031,236.0,48.0,4.916666507720947,08:20:00,14,4308.0,Saturday
2023-05-06,43,73.48836517333984,804.0,172.0,4.6744184494018555,08:40:00,16,14171.0,Saturday
2023-05-06,4,61.54728317260742,480.0,115.0,4.17391300201416,08:20:00,14,9725.0,Saturday
2023-05-06,42,60.561092376708984,1768.0,286.5,6.171029567718506,08:40:00,16,27839.0,Saturday
2023-05-06,122,59.49008560180664,866.0,204.5,4.2347187995910645,08:40:00,16,14429.0,Saturday
2023-05-06,3,57.191200256347656,2376.0,341.0,6.967741966247559,08:40:00,16,39633.0,Saturday
2023-05-06,60,51.016029357910156,526.0,110.0,4.781818389892578,08:10:00,13,9762.0,Saturday
2023-05-06,92,45.44181823730469,1870.0,571.5,3.2720909118652344,08:00:00,12,42126.0,Saturday
2023-05-01,101,39.650962829589844,3438.0,822.0,4.18248176574707,19:20:00,80,174051.0,Monday
2023-05-01,29,37.12343978881836,1920.0,516.5,3.7173280715942383,10:40:00,28,107445.0,Monday
2023-05-06,93,35.85185241699219,2639.0,945.0,2.7925925254821777,07:50:00,11,67562.0,Saturday
2023-05-06,162,35.06493377685547,212.0,77.0,2.753246784210205,08:10:00,13,5444.0,Saturday
2023-05-06,68,34.23040771484375,441.0,136.5,3.230769157409668,07:40:00,10,7375.0,Saturday
2023-05-06,123,31.869688034057617,285.0,96.0,2.96875,08:20:00,14,3556.0,Saturday
2023-05-06,79,31.36382293701172,167.0,27.5,6.072727203369141,08:10:00,13,1584.0,Saturday
2023-05-06,186,30.16216278076172,232.0,92.5,2.508108139038086,08:00:00,12,5418.0,Saturday
2023-05-06,90,29.538728713989258,1127.0,382.5,2.9464051723480225,08:10:00,13,27158.0,Saturday
2023-05-02,15,29.111616134643555,1078.0,439.0,2.455580949783325,09:40:00,22,52812.0,Tuesday
2023-05-06,64,29.067340850830078,624.0,171.5,3.638484001159668,08:00:00,12,13906.0,Saturday
2023-05-28,59,28.36073112487793,548.0,106.5,5.1455397605896,17:50:00,71,7281.0,Sunday
2023-05-06,132,27.661972045898438,423.0,177.5,2.383098602294922,08:20:00,14,11225.0,Saturday
2023-05-06,74,26.461538314819336,302.0,130.0,2.3230769634246826,08:00:00,12,8421.0,Saturday
2023-05-06,18,26.285869598388672,887.0,205.0,4.326829433441162,08:10:00,13,19359.0,Saturday
2023-05-02,94,25.322128295898438,809.0,357.0,2.266106367111206,21:40:00,94,25031.0,Tuesday
2023-05-02,29,24.36229133605957,1200.0,541.0,2.2181146144866943,14:20:00,50,68981.0,Tuesday
2023-05-06,121,23.382347106933594,287.0,131.0,2.1908397674560547,08:00:00,12,8943.0,Saturday
2023-05-06,45,21.906286239624023,1181.0,434.0,2.721198081970215,08:10:00,13,30370.0,Saturday
2023-05-06,69,21.43381690979004,222.0,79.0,2.810126543045044,08:20:00,14,5107.0,Saturday
2023-05-06,49,20.79680061340332,540.0,170.0,3.1764705181121826,08:10:00,13,12953.0,Saturday
2023-05-01,15,20.6577091217041,1350.0,446.5,3.0235161781311035,13:40:00,46,70396.0,Monday
2023-05-14,2,20.42743492126465,816.0,392.0,2.081632614135742,17:40:00,70,29221.0,Sunday
2023-05-06,46,20.36962127685547,803.0,350.0,2.294285774230957,08:00:00,12,24965.0,Saturday
2023-05-06,109,19.80872917175293,413.0,134.0,3.08208966255188,08:50:00,17,11319.0,Saturday
2023-05-06,24,19.804197311401367,1211.0,521.0,2.324376106262207,08:20:00,14,37502.0,Saturday
2023-05-06,34,19.65658950805664,595.0,187.0,3.1818182468414307,08:40:00,16,13592.0,Saturday
2023-05-06,82,19.6475772857666,450.0,227.0,1.9823788404464722,07:40:00,10,14524.0,Saturday
2023-05-01,102,18.65154266357422,1601.0,605.5,2.6440958976745605,19:50:00,83,93184.0,Monday
2023-05-06,113,18.62632179260254,871.0,332.5,2.619548797607422,08:40:00,16,22640.0,Saturday
2023-05-06,17,18.61745834350586,1648.0,853.5,1.930872917175293,08:10:00,13,53019.0,Saturday
2023-05-01,149,18.43608283996582,258.0,94.0,2.744680881500244,21:20:00,92,11415.0,Monday
2023-05-06,16,17.902912139892578,1596.0,667.0,2.39280366897583,08:00:00,12,50270.0,Saturday
2023-05-27,59,17.611703872680664,970.0,147.5,6.576271057128906,22:00:00,96,13156.0,Saturday
2023-05-06,91,17.3221492767334,506.0,223.5,2.263982057571411,08:10:00,13,17421.0,Saturday
2023-03-09,1,17.060649871826172,345.0,130.0,2.653846263885498,22:10:00,97,4988.0,Thursday
2023-03-19,64,17.04386329650879,466.0,137.5,3.3890910148620605,07:20:00,8,13782.0,Sunday
2023-05-06,20,16.914152145385742,642.0,316.0,2.0316455364227295,08:10:00,13,22616.0,Saturday
2023-03-25,19,16.8895206451416,1604.0,364.5,4.400548934936523,22:10:00,97,33213.0,Saturday
2023-05-03,88,16.284133911132812,248.0,79.0,3.1392405033111572,15:20:00,56,7330.0,Wednesday
2023-05-06,96,15.987255096435547,839.0,400.5,2.094881296157837,08:10:00,13,23210.0,Saturday
2023-05-01,175,14.7263822555542,197.0,66.0,2.9848484992980957,16:30:00,63,7848.0,Monday
2023-05-03,14,14.577993392944336,3277.0,1656.0,1.9788647890090942,13:40:00,46,186982.0,Wednesday
2023-05-01,98,14.419232368469238,2107.0,749.5,2.8112075328826904,10:20:00,26,115869.0,Monday
2023-05-06,76,14.216190338134766,262.0,125.0,2.0959999561309814,07:50:00,11,7791.0,Saturday
2023-05-06,130,13.82706069946289,328.0,143.5,2.2857143878936768,08:20:00,14,8716.0,Saturday
2023-05-01,150,13.714646339416504,227.0,105.0,2.161904811859131,21:40:00,94,9518.0,Monday
2023-03-31,118,13.608843803405762,653.0,310.0,2.1064515113830566,22:00:00,96,14052.0,Friday
2023-05-06,110,13.46483325958252,436.0,166.5,2.6186187267303467,08:40:00,16,11101.0,Saturday
2023-05-06,184,13.42236614227295,201.0,101.5,1.9802955389022827,08:00:00,12,6555.0,Saturday
2023-05-06,11,13.414107322692871,1932.0,957.5,2.017754554748535,08:40:00,16,72127.0,Saturday
2023-05-06,166,13.367180824279785,188.0,79.0,2.379746913909912,08:00:00,12,5002.0,Saturday
2023-05-13,126,13.3549165725708,181.0,32.5,5.569230556488037,13:50:00,47,5168.0,Saturday
2023-05-06,27,13.152570724487305,874.0,406.0,2.1527092456817627,08:10:00,13,28959.0,Saturday
2023-05-06,129,13.022860527038574,210.0,84.5,2.4852070808410645,08:20:00,14,5419.0,Saturday
2023-05-06,35,12.98394775390625,459.0,228.0,2.013157844543457,07:50:00,11,15429.0,Saturday
2023-05-06,80,12.882773399353027,164.0,68.5,2.394160509109497,08:00:00,12,3509.0,Saturday
2023-05-20,19,12.856202125549316,1308.0,364.5,3.588477373123169,22:10:00,97,28760.0,Saturday
2023-05-06,171,12.815323829650879,218.0,123.0,1.772357702255249,19:00:00,78,7898.0,Saturday
2023-05-02,14,12.473094940185547,3420.0,1543.0,2.216461420059204,17:50:00,71,170067.0,Tuesday
2023-05-01,174,12.410630226135254,208.0,116.0,1.7931034564971924,15:30:00,57,11449.0,Monday
2023-03-26,57,12.075560569763184,349.0,71.5,4.8811187744140625,14:30:00,51,10174.0,Sunday
2023-05-06,187,12.03965950012207,405.0,226.5,1.7880795001983643,07:40:00,10,14482.0,Saturday
2023-05-06,19,11.943255424499512,1241.0,364.5,3.4046640396118164,08:40:00,16,26916.0,Saturday
2023-05-06,33,11.788925170898438,1485.0,681.0,2.180616855621338,08:00:00,12,47242.0,Saturday
2023-03-25,42,11.261951446533203,562.0,286.5,1.9616055488586426,08:50:00,17,14928.0,Saturday
2023-05-01,94,11.042825698852539,727.0,375.0,1.9386667013168335,21:40:00,94,26317.0,Monday
2023-05-06,189,11.037121772766113,158.0,68.0,2.3235294818878174,07:50:00,11,4398.0,Saturday
2023-05-06,58,10.791851997375488,285.0,141.0,2.0212767124176025,08:40:00,16,8620.0,Saturday
2023-05-06,10,10.459640502929688,2143.0,1104.0,1.9411232471466064,08:40:00,16,59598.0,Saturday
2023-05-06,131,10.442977905273438,470.0,245.5,1.914460301399231,08:10:00,13,13921.0,Saturday
2023-05-06,116,10.41245174407959,857.0,363.0,2.3608815670013428,08:20:00,14,20373.0,Saturday
2023-05-01,146,10.388169288635254,411.0,270.5,1.5194084644317627,10:30:00,27,22636.0,Monday
2023-03-15,98,10.265978813171387,1586.0,688.0,2.305232524871826,15:30:00,57,81664.0,Wednesday
2023-05-02,101,10.122395515441895,1915.0,909.5,2.1055524349212646,19:50:00,83,105981.0,Tuesday
2023-05-21,110,10.05604362487793,381.0,135.0,2.8222222328186035,11:50:00,35,6509.0,Sunday
2023-05-06,41,10.002269744873047,2739.0,870.5,3.146467447280884,08:40:00,16,59200.0,Saturday
2023-05-06,94,9.99472713470459,350.0,187.0,1.8716577291488647,08:00:00,12,11459.0,Saturday
2023-05-06,163,9.828293800354004,252.0,99.0,2.545454502105713,08:00:00,12,6888.0,Saturday
2023-05-06,133,9.65364933013916,222.0,107.5,2.0651161670684814,08:20:00,14,6213.0,Saturday
2023-05-06,50,9.602619171142578,675.0,404.5,1.6687268018722534,08:00:00,12,22339.0,Saturday
2023-03-18,129,9.598522186279297,177.0,84.5,2.094674587249756,15:20:00,56,5333.0,Saturday
2023-05-06,47,9.505614280700684,656.0,353.0,1.8583569526672363,18:10:00,73,21195.0,Saturday
2023-05-01,30,9.503401756286621,1393.0,843.5,1.6514523029327393,14:00:00,48,84479.0,Monday
2023-05-06,114,9.169257164001465,1329.0,608.5,2.1840591430664062,08:10:00,13,39436.0,Saturday
2023-05-06,2,9.03028392791748,1819.0,560.5,3.245316743850708,08:10:00,13,42027.0,Saturday
2023-05-06,103,9.024221420288086,319.0,125.0,2.552000045776367,08:20:00,14,8690.0,Saturday
2023-05-06,13,8.832340240478516,1253.0,493.5,2.5390071868896484,08:10:00,13,35730.0,Saturday
2023-05-02,102,8.790138244628906,1001.0,597.0,1.676716923713684,18:00:00,72,58731.0,Tuesday
2023-05-06,63,8.638669967651367,303.0,136.5,2.219780206680298,08:00:00,12,9471.0,Saturday
2023-05-27,42,8.604866981506348,497.0,286.5,1.734729528427124,08:40:00,16,12681.0,Saturday
2023-05-06,67,8.508960723876953,333.0,169.0,1.970414161682129,07:30:00,9,10196.0,Saturday
2023-03-16,98,8.480487823486328,1243.0,727.5,1.708591103553772,15:40:00,58,65877.0,Thursday
2023-05-11,1,8.252593040466309,234.0,130.0,1.7999999523162842,21:50:00,95,4436.0,Thursday
2023-05-06,95,8.05929946899414,521.0,288.0,1.8090277910232544,08:10:00,13,19459.0,Saturday
2023-05-01,160,7.814584732055664,1492.0,177.0,8.429378509521484,19:10:00,79,20846.0,Monday
2023-05-03,149,7.730701923370361,261.0,112.0,2.330357074737549,16:00:00,60,9261.0,Wednesday
2023-05-06,138,7.588021278381348,240.0,150.0,1.600000023841858,08:00:00,12,8090.0,Saturday
2023-03-19,57,7.54994535446167,245.0,71.5,3.4265735149383545,14:30:00,51,9064.0,Sunday
2023-05-06,107,7.306983947753906,222.0,92.0,2.41304349899292,08:10:00,13,5652.0,Saturday
2023-05-02,145,7.235446453094482,160.0,101.0,1.5841584205627441,10:00:00,24,6310.0,Tuesday
2023-05-01,88,7.203561782836914,222.0,88.5,2.508474588394165,09:30:00,21,11155.0,Monday
2023-03-19,117,7.137053489685059,331.0,103.5,3.1980676651000977,16:30:00,63,10808.0,Sunday
2023-03-05,170,6.894794464111328,161.0,69.0,2.3333332538604736,11:30:00,33,4278.0,Sunday
2023-05-06,182,6.782379150390625,238.0,147.5,1.613559365272522,08:10:00,13,8712.0,Saturday
2023-03-25,56,6.768996715545654,240.0,99.5,2.412060260772705,22:20:00,98,3943.0,Saturday
2023-05-06,120,6.667081832885742,208.0,79.5,2.6163523197174072,08:00:00,12,5552.0,Saturday
2023-05-06,180,6.625880241394043,388.0,221.0,1.755656123161316,08:00:00,12,14069.0,Saturday
2023-05-02,98,6.522395610809326,1191.0,722.0,1.6495845317840576,11:10:00,31,66656.0,Tuesday
2023-05-06,59,6.520077228546143,452.0,147.5,3.0644068717956543,08:00:00,12,11675.0,Saturday
2023-03-15,160,6.394172668457031,293.0,56.0,5.232142925262451,18:10:00,73,3651.0,Wednesday
2023-05-02,88,6.223710536956787,180.0,78.5,2.2929935455322266,17:20:00,68,8816.0,Tuesday
2023-03-15,97,6.188908576965332,1561.0,882.0,1.7698413133621216,17:40:00,70,74598.0,Wednesday
2023-05-06,108,6.149768829345703,573.0,263.0,2.1787071228027344,08:20:00,14,16387.0,Saturday
2023-05-06,5,6.043704509735107,843.0,390.5,2.158770799636841,08:10:00,13,24816.0,Saturday
2023-05-06,21,5.995473861694336,1647.0,847.0,1.9445099830627441,08:10:00,13,48470.0,Saturday
2023-05-06,40,5.983386039733887,870.0,457.5,1.9016393423080444,07:40:00,10,28985.0,Saturday
2023-05-06,51,5.952085018157959,491.0,239.5,2.0501043796539307,08:10:00,13,14424.0,Saturday
2023-05-13,59,5.877705097198486,422.0,147.5,2.8610169887542725,17:40:00,70,7637.0,Saturday
2023-05-06,183,5.792685508728027,153.0,80.0,1.912500023841858,07:40:00,10,4593.0,Saturday
2023-05-06,62,5.665722370147705,432.0,285.0,1.51578950881958,08:00:00,12,16327.0,Saturday
2023-03-19,97,5.555857181549072,1885.0,686.5,2.745812177658081,15:30:00,57,96876.0,Sunday
2023-03-18,117,5.500847339630127,352.0,168.5,2.0890207290649414,17:10:00,67,13981.0,Saturday
2023-05-06,111,5.466925144195557,385.0,231.0,1.6666666269302368,08:10:00,13,12512.0,Saturday
2023-03-14,98,5.423740386962891,1112.0,722.0,1.5401662588119507,15:00:00,54,59289.0,Tuesday
2023-05-14,20,5.41918420791626,343.0,226.5,1.5143487453460693,11:20:00,32,15201.0,Sunday
2023-05-14,62,5.325666904449463,436.0,246.5,1.7687627077102661,11:10:00,31,14547.0,Sunday
2023-03-25,1,5.281193256378174,974.0,214.5,4.540792465209961,22:20:00,98,13096.0,Saturday
2023-05-03,146,5.246039390563965,379.0,239.0,1.5857740640640259,13:50:00,47,17512.0,Wednesday
2023-05-06,100,5.217548370361328,1065.0,597.0,1.7839195728302002,08:40:00,16,33565.0,Saturday
2023-05-06,112,5.113075256347656,327.0,209.5,1.560859203338623,18:00:00,72,12597.0,Saturday
2023-03-01,160,5.09915018081665,245.0,56.0,4.375,18:00:00,72,3340.0,Wednesday
2023-03-26,23,5.014306545257568,568.0,285.5,1.9894921779632568,14:40:00,52,26157.0,Sunday
2023-05-06,6,4.954913139343262,786.0,499.5,1.5735735893249512,08:00:00,12,28664.0,Saturday
2023-03-18,97,4.903197765350342,1986.0,866.5,2.2919793128967285,14:50:00,53,102868.0,Saturday
2023-03-04,160,4.83980655670166,1345.0,261.5,5.14340353012085,18:10:00,73,15332.0,Saturday
2023-03-19,23,4.801309585571289,556.0,285.5,1.947460651397705,14:20:00,50,28098.0,Sunday
2023-05-06,61,4.797587871551514,555.0,334.5,1.6591928005218506,08:20:00,14,17831.0,Saturday
2023-05-06,73,4.6757073402404785,417.0,212.5,1.962352991104126,08:00:00,12,13345.0,Saturday
2023-03-19,131,4.609020233154297,492.0,225.5,2.1818182468414307,16:30:00,63,15088.0,Sunday
2023-05-06,181,4.564054012298584,279.0,177.5,1.5718309879302979,07:50:00,11,9832.0,Saturday
2023-05-20,1,4.551074504852295,869.0,214.5,4.051281929016113,22:20:00,98,10235.0,Saturday
2023-05-20,77,4.536494731903076,471.0,262.5,1.7942856550216675,10:50:00,29,14094.0,Saturday
2023-05-01,14,4.523921012878418,2849.0,1772.5,1.6073342561721802,17:50:00,71,154869.0,Monday
2023-05-06,99,4.166853904724121,1059.0,642.0,1.649532675743103,08:40:00,16,30658.0,Saturday
2023-05-06,57,4.137547969818115,292.0,86.5,3.375722646713257,08:30:00,15,4529.0,Saturday
2023-05-06,66,4.082444190979004,164.0,106.5,1.5399061441421509,07:40:00,10,6059.0,Saturday
