card_channel,volume,share_pct,weekend_ratio,am_share,pm_share,mid_share,late_share,peak_concentration,ampm_asymmetry,spatial_entropy,station_hhi,io_balance,daily_burstiness,label,cum_pct
121,86849051.0,45.491684236155656,1.2518693726015229,0.16730003186793596,0.22884468823959853,0.3306113154880644,0.08395377860835805,0.3961447201075345,-0.15535902221530584,0.8688419941747242,0.019369979107700424,-0.0009203669939928301,0.20815515728447045,card_121,45.491684236155656
100,37431665.0,19.60677134645443,0.6955723881961272,0.30178996846653766,0.27278425899569253,0.20029557862307226,0.06605020107975428,0.5745742274622302,0.05048209279931866,0.8958751590003271,0.013363070941034994,-0.0009789305391571547,0.2075485950866513,card_100,65.09845558261009
53,10857361.0,5.687104609236908,0.6711649477280883,0.3044443304408871,0.2543662313521674,0.22840596347491812,0.04660543201980666,0.5588105617930545,0.08961552002173002,0.8999372029842392,0.012311962256901864,-0.002193626978047428,0.2183674199427971,card_53,70.785560191847
51,9698921.0,5.080311718816813,1.2740416416335911,0.13023582726367178,0.167719068956227,0.45855502895631317,0.05150407968061597,0.2979548962198988,-0.12580173096028463,0.7887229300343461,0.041236171374567705,-0.003633290754713849,0.4098264526016888,card_51,75.86587191066381
52,8764832.0,4.591034273097039,0.6845333077106461,0.30413851628873223,0.2513316855360149,0.2271749190400912,0.04967784893081809,0.5554702018247472,0.09506690112132793,0.9081363051991659,0.011809798736864777,-0.0028139729318257325,0.2118671260458683,card_52,80.45690618376085
113,4277455.0,2.2405383818686193,0.900024655650124,0.21374508907750056,0.14371957156767284,0.398518511591589,0.03458738899649441,0.3574646606451734,0.19589493793160284,0.9067054878620616,0.01150793111782855,-0.007434093403671108,0.10433287559996414,card_113,82.69744456562947
108,3879682.0,2.0321841914046574,0.7383555619119271,0.2878854504054713,0.24478217544633804,0.23805894400623548,0.05243522536125382,0.5326676258518094,0.08091964457236378,0.9130678503783076,0.011529695660634689,-0.0033698638187356594,0.17403881262586493,card_108,84.72962875703412
55,3439929.0,1.801840803796402,0.8505415580749813,0.23150797589136293,0.10141343033533545,0.45678617204017896,0.014653500115845416,0.3329214062266984,0.3907665386569986,0.8974595452670147,0.0122382965098014,-0.006745778764619851,0.14496456430595395,card_55,86.53146956083052
103,3048396.0,1.5967551362047694,1.279291545763045,0.1739429522935997,0.23165920700591394,0.25572169757472457,0.06317617527381615,0.40560215929951365,-0.14229770081104062,0.8942579352703753,0.012755170290081158,-0.0030842449603004332,0.18966754462525093,card_103,88.12822469703528
80,2862336.0,1.4992965840211754,0.7286530084509624,0.2994260631875501,0.2511644335256237,0.2321139097576243,0.05004339113227794,0.5505904967131738,0.08765430923713886,0.915016236214021,0.011163929812284057,-0.002948640550934621,0.1950923647399042,card_80,89.62752128105646
120,2343660.0,1.2276131915006023,0.7409952050702933,0.3143024158794366,0.24580613228881337,0.22484660744305932,0.06330355085635293,0.56010854816825,0.1222910877090341,0.8831053241994054,0.015104007956983252,-0.0007996040381283974,0.19263319641591595,card_120,90.85513447255707
123,2272571.0,1.1903766494379369,1.2065049644260897,0.16732238508719854,0.19934778715384466,0.3587289462023408,0.07779030886163732,0.3666701722410432,-0.08734117059729941,0.8743824889460562,0.02020207535372688,-0.001390935640734657,0.26092943690033865,card_123,92.045511121995
85,1955397.0,1.0242403556064887,0.9120239583615033,0.22523559154483724,0.12449287791686293,0.41949537613078075,0.02612819800787258,0.34972846946170016,0.28805980188869623,0.901683179714995,0.01187246349222934,-0.006679462022290103,0.13675996991349404,card_85,93.0697514776015
102,1854985.0,0.9716443750525864,0.663537880196654,0.311895783523856,0.270645315191228,0.20191376210589307,0.054464052269964446,0.582541098715084,0.07081125850796544,0.9055282619923124,0.011989968689579364,-0.0015337051243001964,0.22578244465217018,card_102,94.04139585265409
104,1770415.0,0.9273464617011592,0.863127322858666,0.2284695961116462,0.10714380526599698,0.4465653533211142,0.01723324757189698,0.3356134013776432,0.3615046072285101,0.9094944040621454,0.011328013286639706,-0.0084980075293081,0.13219978559684148,card_104,94.96874231435525
56,1747453.0,0.9153189260930774,0.6439494297582623,0.26257587471594357,0.18245125906104476,0.30309770849344714,0.05291930598419526,0.4450271337769883,0.1800443379145749,0.9248223222676433,0.011493650030526437,-0.007710078611556362,0.2183443531958687,card_56,95.88406124044833
101,1375977.0,0.7207391500479695,1.1533585953060947,0.21001223130909885,0.24512473682336253,0.2893885580936308,0.07655287842747367,0.4551369681324614,-0.07714711828032536,0.86339373257083,0.019533005088137333,-0.0004905605253576186,0.13330465007895967,card_101,96.60480039049631
59,1283239.0,0.6721628240649418,0.7975607550455066,0.22176928849575167,0.1455060203126619,0.3494345168748767,0.07618144398666185,0.3672753088084136,0.20764605284934068,0.9508065039050052,0.008562892879006854,-0.009434719487172694,0.11408734578451005,card_59,97.27696321456125
118,1217271.0,0.6376086707249045,1.4485960712756396,0.1242845676928145,0.21638074019671877,0.3762317511876977,0.0892200668544638,0.34066530788953325,-0.2703420934595667,0.8144057895953155,0.03009517722874691,-0.0006021666498257167,0.35060185230905044,card_118,97.91457188528615
54,917511.0,0.4805938604349219,1.1352791474002075,0.16126455159665656,0.21818702991026803,0.24586953180942783,0.08247530547317687,0.3794515815069246,-0.15001249457850183,0.8830676216363891,0.014103238211203828,-0.003682789634129727,0.16543304419359162,card_54,98.39516574572107
119,847844.0,0.44410216444989314,0.6392664535201593,0.3564735965578574,0.2599086624426192,0.17893621939885168,0.06259170319068132,0.6163822590004766,0.1566640387603426,0.8711461984144379,0.016335366587326344,-0.0003467619043125858,0.23906617292805457,card_119,98.83926791017096
-1,795349.0,0.4166051919846789,0.6765401709089289,0.2829160532043166,0.24498679196176773,0.2515348607969583,0.0560747546045824,0.5279028451660843,0.07184894264136028,0.8814468145483927,0.015204399920144294,-0.0010724851606024525,0.20937561329736648,OTHER,99.25587310215563
83,633230.0,0.33168697731493746,0.8367133312105509,0.2318683574688501,0.1677668461696381,0.3511283419926407,0.03850733540735593,0.3996352036384882,0.16040006164521609,0.9148966908540201,0.01111167895678082,-0.00781390647947823,0.12051074817224744,card_83,99.58756007947056
111,472105.0,0.2472894215771024,0.842662374217156,0.21905720125819467,0.17644803592421174,0.348937206765444,0.04683492019783734,0.3955052371824064,0.10773350471293924,0.9163723764068632,0.011038687771862087,-0.008165556391057075,0.10841831493531524,card_111,99.83484950104767
122,315292.0,0.1651504989523258,0.4460002476252182,0.38267066719104836,0.29676617231011265,0.11657130532966269,0.0606041383860041,0.679436839501161,0.12643484999136395,0.8783225365694953,0.015048104948873616,-0.0010212755160295853,0.4030938325534183,card_122,100.0
