0,1,2,3,4,5,6,7,8,9,10,11,12,13,14,15,16,17,18,19,20,21,22,23,24,25,26,27,28,29,30,31,32,33,34,35,36,37,38,39,40,41,42,43,44,45,46,47,48,49,50,51,52,53,54,55,56,57,58,59,60,61,62,63,64,65,66,67,68,69,70,71,72,73,74,75,76,77,78,79,80,81,82,83,84,85,86,87,88,89,90,91,92,93,94,95,96,97,98,99,100,101,102,103,104,105,106,107
0.0007485977020059779,0.0010604951803100298,0.0014164921617853942,0.001935945160759442,0.002550574789815492,0.003174162490272921,0.004023947250730465,0.005274622977745605,0.006646290239832325,0.00849258560119442,0.010535532506854907,0.011902870418238648,0.013803109949929096,0.016023652348256513,0.015823362307090718,0.015476208254710803,0.015937042305735723,0.013651168163023445,0.010601244220849342,0.009815133155571264,0.00929326216817268,0.008620255390009959,0.008725138516481887,0.008299169555692666,0.007820914473780489,0.007849596422187731,0.007793867546117456,0.00777789730828492,0.008047802387616184,0.007964324215816703,0.007821559270693699,0.008129956422897468,0.007900408721794781,0.008005245791344338,0.008347045726498494,0.008500472849150646,0.008580151324854427,0.009012833082079385,0.008978014048766057,0.008956862407166657,0.009301736641889153,0.009292790084718366,0.009381127261828109,0.009765034738260982,0.009874143587360554,0.010053017159623307,0.010264832945612725,0.010188885080621086,0.010127330003870736,0.010078106668085523,0.0100563332580341,0.009897851388151607,0.009866440567093815,0.009945762101649214,0.009911898749475108,0.010026799256562973,0.01011484857790789,0.010254285910389507,0.010248759079704852,0.010474380428175315,0.010439112339868857,0.010777964631991196,0.010851586622403044,0.011229126729317971,0.011529452405876026,0.01176009395888505,0.01245880049973142,0.01381543017666364,0.014107995261801993,0.01500305397695134,0.017648851453771205,0.01706032458546956,0.01736184774200929,0.019134831997185547,0.017789025697010775,0.016777028455958597,0.01588215396849874,0.014476208841936565,0.013244554623861112,0.012615083151570646,0.01146949780717811,0.010722995695140063,0.010291189019440174,0.009751183118857564,0.0095272198195925,0.009684907207564073,0.00929880051308793,0.009137912169011492,0.009045556525424783,0.008712254092448284,0.0085778830214276,0.00843778937780218,0.008040813249646214,0.007654913811320745,0.007250833402888879,0.006838336091893506,0.006559898967692806,0.005919984088254457,0.005236798730247494,0.004473301613854132,0.003923911615338202,0.0031517212548471014,0.002489491796519457,0.0019284954535657498,0.0014218577932417471,0.0009916631098248843,0.0006618379744874816,0.000394247255505417
0.0010063939180904725,0.0014692373422341754,0.0020673138638102263,0.0029609957238076376,0.00421090004946347,0.005767256145298373,0.007753782793258062,0.010399857981203884,0.01351534856918601,0.017630634384016852,0.021916524418563805,0.02517566343896271,0.029027722918550384,0.03301843506026248,0.031101849196395623,0.028480218552928385,0.02854366750717608,0.021368699468751928,0.013596616661321373,0.011020268534675122,0.009240678981284963,0.007528251815675312,0.0070501004964646915,0.006301563128436847,0.005538225456976066,0.005349615091928185,0.0051530435528315405,0.004985030721983648,0.005009101251574036,0.0048877601357032886,0.004713469197803518,0.004830108412222647,0.004779162241380394,0.004957834496541899,0.005155421218906507,0.005118580752419109,0.005129614191620918,0.00539447016316266,0.0053765441638783645,0.005466067298903215,0.005666272125485202,0.00562729443106525,0.005694376672798285,0.005927227656050032,0.005956561109424335,0.0060045418765101695,0.006159170317430443,0.006012022174274108,0.005852371247712332,0.005878231705696234,0.005801425076870079,0.005802466975487199,0.005828835025105082,0.005674500453025534,0.005768378189962964,0.005927120794653405,0.005964682575568039,0.006164780540753398,0.006304074371257598,0.006437196956106548,0.006624284546252485,0.007031292890658218,0.007076201392591007,0.007684349600799217,0.008275774000435195,0.008656013564985689,0.010590739150930104,0.013390748180718118,0.013255060922350102,0.016708447246469003,0.023049709383753038,0.02121046445569547,0.02290413744619696,0.027434205772038197,0.024156205715134504,0.02184246947070081,0.020485276302830775,0.017654811775003866,0.01515502983904136,0.01347792036501716,0.011469032969813126,0.01013743310643542,0.009353391039378024,0.00848709241226646,0.008285765541019884,0.008429734557626545,0.00783326095699991,0.007719854299828769,0.007802244436628722,0.007321288005756625,0.007311456757266876,0.007174033001203662,0.006546836749046563,0.0062104103571134234,0.005752215403723025,0.005197978770113487,0.0052216485694665206,0.004673075589878249,0.0038871901637290247,0.0033951201476076476,0.0029069238571140243,0.0022484706464433258,0.0017679416611577393,0.0013260163554039076,0.0009957612091260168,0.0006726123457238679,0.000471953358206214,0.0002905561374307021
0.0018576337288591586,0.0026293682230884652,0.003788673877565644,0.00545758771399422,0.007348470774804302,0.009667174187171267,0.012426592428860017,0.015432203092445763,0.018726373747727464,0.02200212372048788,0.02502394458469236,0.026439297726215425,0.028301628729117508,0.029967871566580498,0.02734172696293326,0.024097568460696852,0.022871764142317827,0.0180525451810988,0.013079053003763993,0.01101077877027392,0.009670858323675525,0.008454724863620176,0.00799798404050487,0.007525585637246473,0.0068052448472515565,0.006667458141992331,0.0063475829900101885,0.006205283217533248,0.006112442977625963,0.005886881720152807,0.005677346456473171,0.005684346315831259,0.0054877055299165246,0.005536796648835754,0.0056215317884336724,0.005558440950798265,0.005549230609537621,0.005777094452325939,0.005811264818402926,0.0058469088390816154,0.006069706994176578,0.0061245085246774056,0.006318202001388735,0.00657065745534297,0.006572223213357279,0.00671553612337289,0.006878467060273671,0.0066792473788059555,0.006537500226804654,0.00654330274179886,0.006487395970346754,0.006615880230932729,0.006589999171990321,0.00648131714511473,0.006678510551505104,0.006963110096458983,0.006981438675567664,0.00721731551525274,0.00729634024326906,0.007509743850278167,0.007884420532761139,0.008366950311406244,0.008428935908090374,0.009450546960720934,0.010267135816889575,0.010812572226344875,0.013679198840307513,0.016883292358060124,0.016270344147164308,0.020032400138486693,0.02459115064885473,0.022046517565364184,0.022278802371957607,0.02324174355075787,0.01990161329258556,0.017426241975375047,0.015402085276523458,0.013105026166119006,0.011195169802312,0.009923958501518003,0.008388686716781363,0.007565926931968091,0.006950768239169722,0.0063315569962166685,0.0063123073829819245,0.006284123738724355,0.005888447478167116,0.005773870832884714,0.005768344628128327,0.005364931680912149,0.005388233844301576,0.005099765956018226,0.004657301161856919,0.004405029914727898,0.004025103337726359,0.0035619152757286054,0.003783792396697503,0.003371998038934139,0.0027550893812962472,0.0024859632096602483,0.0020379722107425552,0.0015291008560920098,0.0011855551270700127,0.0008584959089045671,0.0005987642853544246,0.0004107812202246937,0.00028708633709425337,0.00016348355737641956
0.0017236968937060092,0.0022966472249851275,0.002705249377740057,0.0033148017186654024,0.0036884515298144984,0.004039521509660709,0.004533906400516094,0.005276669435703203,0.006026649768567032,0.006553821811725235,0.007216163529943169,0.0073891724656794215,0.00778086552102032,0.00837814845589524,0.008900062182174689,0.00945940275212056,0.010038951755561252,0.011748317158166344,0.012275489201324546,0.012137845024204227,0.012520361801070435,0.012494173320929192,0.012683575832816853,0.012887722252815531,0.012268375007900349,0.012442930507424474,0.012301471472960743,0.01220156345226442,0.012670584696998754,0.01275616122659416,0.012189087837708945,0.012632745436322233,0.012369726488132017,0.011889054462862403,0.011902767328448171,0.012610474917776922,0.01238034622614205,0.012644190008352462,0.012924736679471856,0.012455818538990046,0.012638106857453512,0.012649345220978691,0.012659140124968526,0.01268306031155423,0.012819879654654354,0.013069804362773947,0.013235596000833481,0.013115995067904963,0.013156205726389552,0.013262403106489873,0.013434999625216028,0.013027428514986342,0.01280492953803829,0.013182909727793417,0.01302103605132982,0.013161773356025879,0.01309774561520811,0.013018149132259132,0.012803589182755471,0.013072897490349686,0.01271543504684695,0.012752861890513374,0.012559025895767155,0.01266780088218059,0.012751315326725505,0.012641199985029248,0.01258253366534276,0.012746160114099276,0.012911230022391137,0.012613671149605186,0.012748634616159864,0.012855038204765239,0.012156506893911175,0.011696249510641429,0.011199905638988077,0.010826255827838981,0.010187215670691606,0.009542092362645279,0.00886480052781128,0.008684574294398305,0.008104200456937417,0.0077187967610005195,0.007599917557839673,0.007107594752034781,0.0067247686624109975,0.006614962633472314,0.006439479195675471,0.006218217469757711,0.005952311602496808,0.005688467820286395,0.005373896745833886,0.005166760302511996,0.004824969705392997,0.004579890897142058,0.0044545161260721635,0.004209952839083849,0.003839911676773113,0.003504410439058114,0.003141895887181674,0.0028121684876080515,0.002350158332045387,0.00204146419998678,0.0015927544929997864,0.0012631301976786889,0.0009297941492667062,0.0006964692258035706,0.0004591232364919763,0.00026281273968516676
0.0022059749690581643,0.0030227618738157234,0.004075948061525882,0.005242199736401111,0.007142863662418176,0.009064748759588322,0.011602960558742033,0.014325773728463942,0.017122404627949523,0.020824814440253973,0.024117176461568243,0.02624340090032531,0.028442986699573944,0.03043560903392103,0.02762574342554428,0.025135336307644016,0.024135203047816557,0.018827970690139875,0.013560328366818674,0.011615168436770955,0.010123639563199846,0.00882469852245885,0.008250928255099474,0.007584286840865865,0.007020214420538811,0.006726540793936498,0.006497785696291729,0.006270171521827232,0.00622054136348535,0.005970222817733417,0.005830459728149955,0.0057153405792603924,0.005550020810438811,0.005584704875119115,0.005690012084658328,0.005595087276059601,0.005607181061770496,0.0058333120361006375,0.005877237578541155,0.005891841395248652,0.006158931511750599,0.006172394405277823,0.006249748996900343,0.006413813750223624,0.0064003508566964,0.006520147790625082,0.006662078634251065,0.0065070271740519416,0.00641609559658417,0.0063965858102014985,0.006390653009664079,0.0064232834126198915,0.006540113946279863,0.006362814484065414,0.006528932899113186,0.006792257969120232,0.0067848419684484575,0.007051361623360269,0.0071667089568858856,0.007356102204811231,0.007643843030876124,0.008012931679694493,0.008130218582626574,0.008909811391707226,0.009409193467712792,0.009918387483068706,0.012506571717518379,0.01520006316150727,0.014832799989777334,0.017799086166169535,0.02311179495511153,0.020868511798058435,0.021341310363963632,0.023466850248812537,0.020605871281959547,0.018146839551516795,0.016508473864644532,0.01432657237469013,0.012361446288987634,0.01097168776309689,0.009283806010200771,0.008334786108849551,0.007716748022095578,0.006936242474470706,0.006703836422649063,0.00669881636065586,0.0061614415427472,0.006047349224719884,0.006051342455850839,0.005587671275387825,0.005603872384547705,0.00545566646343022,0.004968606357771606,0.0046910197480111455,0.004304931343806706,0.0038595149342280626,0.004087699570282695,0.003595505310312852,0.002957386975586071,0.002605982636061936,0.002144821486595523,0.001634828825013418,0.00128399494707942,0.000913080821172614,0.0006526080591162504,0.0004332085315497207,0.0003078210740376999,0.00017729946221444983
0.004328508423817433,0.0055067791478811585,0.006550624144497137,0.007686813771272872,0.008723645251674185,0.009322131968658933,0.010388887784909486,0.011808891034505331,0.012203284429643328,0.013043503672160199,0.01352042277475742,0.013995471606364066,0.014658482672523732,0.015151532862414684,0.015337157258229485,0.015459426224238479,0.0157444087664277,0.015806127709116755,0.015537977605842726,0.01556649923844903,0.015523015437918107,0.015029030112531868,0.014693082685849412,0.013911309411788085,0.013108729372956584,0.012720648142411785,0.012360153408978003,0.011700415317051845,0.011335011122267797,0.01096119070802615,0.01058573380666775,0.010292802612768574,0.009844872710525301,0.009683561837588006,0.00957508612013452,0.009529732048613019,0.009571111794279542,0.009517107719426623,0.00975299564811319,0.009882044346463024,0.010189703924412997,0.010419981040127833,0.010669662217369908,0.01099321909873979,0.01117463538482579,0.011263940824625859,0.011414497639367334,0.011362831403252635,0.011364000322621746,0.01129105975398923,0.011235886759767198,0.011320282738217,0.011418471965222311,0.01138176789703223,0.011729404517405794,0.012064884376340604,0.012093639792820732,0.012254483098010383,0.012243729039814563,0.012211233081353282,0.012677398125754684,0.01288523198958259,0.012545310237045158,0.01283660494382758,0.012823980614641182,0.012745195449163112,0.013293184849402274,0.013383191640823806,0.012605158908743634,0.01200082759491333,0.011623500422564352,0.010492220257138883,0.010152532288475274,0.009414944166566333,0.008595531688819637,0.008110663934512461,0.007535088037162284,0.00709767840924101,0.006744430975895713,0.006560209283323845,0.006110409110089995,0.006012921234706151,0.005739627886208037,0.0055219750996796,0.005401810188535005,0.0052421358027144645,0.005080824929777169,0.0048042586070455445,0.004849612678567045,0.004510626061524903,0.0044105665635290146,0.003961935309664275,0.003742879819892904,0.003331887769713533,0.00308244037634528,0.0027881064792031713,0.002887464625577592,0.002344618470562519,0.001994410227576912,0.001545311405964528,0.0012079612760391401,0.0009292908984431164,0.0007478746123571143,0.0005634191359114239,0.0004437217925144742,0.00029760687137561935,0.00020549602508968535,0.00010239733673410942
0.0023960726678114333,0.0032113456721452934,0.0044459829439629315,0.005857438831326896,0.007740067356035879,0.009767810866973115,0.012151253633674097,0.01513268355499239,0.017220225781391357,0.020149847332848407,0.022858832244498382,0.024296063440251023,0.025930475745177047,0.027969818144889184,0.02600367762100089,0.023358615474154833,0.022620668394987005,0.017207595880280906,0.012557730246963536,0.010929504016050797,0.009498458894311439,0.008431103373936315,0.008012770118788082,0.007355242001792928,0.006709570526656564,0.006523215047006428,0.006314177295974256,0.006090963125328311,0.006133492384169628,0.00594971443535836,0.00574608949908781,0.00569660090698155,0.005647112314875289,0.005716447894440831,0.005962344336468812,0.005880121102708931,0.006010544163155638,0.006243810704073168,0.006294845814682748,0.006378357813862062,0.006596159169746384,0.006488933886849488,0.006577600947706537,0.0069296916602958674,0.006818342328056781,0.006935619981225263,0.007092591609312308,0.006984077560995976,0.006650287317362606,0.006797206575178067,0.006797464328261954,0.006720653909263695,0.0069036585988233035,0.006804423661526896,0.007003924548455258,0.007280235854381878,0.007452672667502128,0.007723828911751012,0.007971787378450087,0.008232375746259615,0.008694784778752481,0.009191990477570066,0.009023419960708117,0.009741004546248891,0.010516583575664188,0.010972033274892113,0.012940235823451506,0.015245837158818682,0.014785747904080793,0.017660210295586076,0.022317035262168387,0.020103709530832674,0.020513536934212644,0.022300539064799632,0.019582790548297507,0.01755762456819914,0.015892281893206708,0.013893406727664788,0.012102022794651723,0.010736962462387378,0.009150234477980409,0.008260728585487159,0.007607840024001966,0.006943352573741866,0.00695984877111062,0.006908298154333265,0.00639614277665025,0.006248965765750902,0.006322167641574746,0.005833210041441539,0.005946363645267833,0.005715416882105284,0.005259967182877357,0.0048568413596784465,0.004476397807861571,0.004005740676684325,0.0041248226014400135,0.003736388704022648,0.0031639191047101276,0.0026775390354157884,0.0023197777549809487,0.0018767002037795876,0.001353719196573327,0.0010286925577921073,0.0007699084615697882,0.0005271050565484489,0.00036446286061589574,0.00023146226933032132
0.003980896117332655,0.004968707202968435,0.006220186521291575,0.007414687919430897,0.008729831342449222,0.009086815454621304,0.010580741637400078,0.011658089454753285,0.012302870204588529,0.012982826099027046,0.013740399874532298,0.014290120522836377,0.01464506970928761,0.01554130913748511,0.016352081685406885,0.0171122717939818,0.01801577881403948,0.018189619611335004,0.01858439520118003,0.0186875950055946,0.01882480713991481,0.018190782426032635,0.017797751058234057,0.01694715210691849,0.016332023131872785,0.015949457096352867,0.015473575181348224,0.014765130326817796,0.014218898122606603,0.013734295097369746,0.013117712603952003,0.012374964715841524,0.01183309306674644,0.011348780745183988,0.011146450987796555,0.010794408838089393,0.010538298900936622,0.010431610652429167,0.01057841600800482,0.010516496125356078,0.010916213677666025,0.011248197273839087,0.011667391972334316,0.012049667304179829,0.012106063817014831,0.012469443410023873,0.012644447022017027,0.012780496341639613,0.012754042307268555,0.012880498405635701,0.01271363449652595,0.013050269351489525,0.013340391618547944,0.013132247787672365,0.01343341679435826,0.013447370570729807,0.01350376708356481,0.013240098850877449,0.01325695966399307,0.012997942690096223,0.012822648374428662,0.012900847662844208,0.012126413074223338,0.012031062269017765,0.011560122316478046,0.010703709291674338,0.010334806328851557,0.009947589034541123,0.00916385192833922,0.008411220115298894,0.007779230327137568,0.007167299092510342,0.006604496778857937,0.006169894785619124,0.005744886013635748,0.0054847062250412745,0.005337610165791214,0.0051538854435658425,0.004937020502458047,0.004792831479952059,0.004384102113735488,0.004294565382018061,0.003981768228355877,0.003753275140271791,0.0035515267902331716,0.0033640229202405057,0.0031134363529014704,0.002891048041979937,0.002735521576172067,0.0024721440471591138,0.0022994660645612166,0.0019753314675971514,0.0016965466438406147,0.0015523576213346268,0.0013404346426917535,0.0011439189587924637,0.0009944972701471458,0.0008052491781080369,0.0006930375597868447,0.0005221037992353913,0.0004747191003070123,0.0003811125171478831,0.0002546564187807365,0.00020494609045709961,0.00014302620780835888,8.575758395013387e-05,6.279199367196242e-05,2.3546997626985912e-05
0.0045945474275651856,0.007547903881254274,0.012566936841538963,0.019013933885230136,0.023390333801776415,0.027125412840064093,0.028916846761378776,0.03012436704417668,0.027725728547078537,0.02223923663461047,0.015047913722495374,0.009015889011795057,0.005750893256650384,0.0050236255394640345,0.004589626807015888,0.0044190452946401984,0.004428886535738796,0.00413233713730106,0.00395257046656668,0.00420811469376026,0.004367870840927492,0.004639489095248781,0.00485763660626769,0.004857964647637644,0.004743150168154007,0.004861245061337177,0.004482357279041175,0.004350812689689923,0.004301934525566889,0.004061480201391159,0.003951914383826774,0.004194664997592177,0.004146770957579003,0.004308167311596001,0.00475561574021223,0.005095466599483795,0.0055835921579742275,0.006600192363459342,0.007064698943313141,0.007743416537746409,0.007896611857514576,0.007386835568607229,0.007235936538428736,0.007216582097601495,0.006890180934498013,0.006647430320732609,0.006644805989772983,0.006458150450269586,0.0063305423573577725,0.006406975996556878,0.006584118336331632,0.007008275827681182,0.008195457545541985,0.008236134675416187,0.009012280556725571,0.010603281200998823,0.011722558355279303,0.014140551293204691,0.015159775829649433,0.015699731924592477,0.018281417506124536,0.01790712230300788,0.018168243233490665,0.021222964470495306,0.02153263552373117,0.021515249331123653,0.02096873240878154,0.02150639221413491,0.021203610029668064,0.019672312914726306,0.019667064252807055,0.01829027462311327,0.0179041699306783,0.018007502962213574,0.017049294120580136,0.015192579966644755,0.012649931308137134,0.00977694499008659,0.007773924385152062,0.006490626545894956,0.005505846353295308,0.005158122501144865,0.0048681339301061945,0.004407891888061788,0.004801869573375639,0.0055012537741159625,0.0054704178853403574,0.005761718621858841,0.006530647593029253,0.005778120690356502,0.005560301220707546,0.007266116344464435,0.005959527567940649,0.007790982536389631,0.008682598979922558,0.0066822027059476536,0.006667440844299757,0.004390833736824219,0.0030183086449398315,0.0021716338690904993,0.001508990301784939,0.0010835206449555767,0.0007951722807666722,0.0006140934445524796,0.0004225172844997829,0.0002798192885701202,0.00017976667073437967,0.00010234890742541326
0.0020626509256774874,0.002781993448707627,0.0035750519855111324,0.004817393904838562,0.006726324233073961,0.00838475986047759,0.010672052477417041,0.01340688165190948,0.015811211541901432,0.01922171261515069,0.02245508563634736,0.024795132367408983,0.028232883910204794,0.030372744499597513,0.028944540403362827,0.025781739110991846,0.025064492777926828,0.01976078280118056,0.013595189383776041,0.01155839146766836,0.009753222542706372,0.008610449646722113,0.00799626598694213,0.007415621366604056,0.006713747093283245,0.006452771442625879,0.006362635274125745,0.006111092478311418,0.006119127873177708,0.005930470776316963,0.005679626710491008,0.0058333473079330974,0.005677879885520075,0.005735525109560858,0.0059329163312762685,0.005813084138270277,0.005860597777479649,0.006067421854038096,0.006065325664072977,0.006116332953224216,0.006375561778910648,0.0062214918164743725,0.006524041901439939,0.00666832964403899,0.006742395022806542,0.00670396487344602,0.007037259077900005,0.006771741682318214,0.006656800599230834,0.0067217824881495355,0.006656451234236647,0.006555135385922543,0.006554087290939983,0.0066316463196494,0.006751129147661206,0.006876201815579997,0.007057172882568639,0.007238493314551467,0.007370203917359802,0.00752811689473213,0.007731097956354525,0.008286588297111165,0.00823418354798318,0.008982523365530806,0.009516353076647879,0.010087215477148729,0.011986712950541089,0.014424931244969135,0.014049363876218576,0.017841720888113755,0.022165811421160888,0.020417938355245493,0.021365765584473645,0.023974473996064737,0.021161387062874508,0.018477914542527493,0.017091983610589383,0.01454860645291118,0.012940130019676229,0.011248504717824875,0.009469188802432693,0.008483280788838202,0.007707341136749839,0.007107132076737318,0.0068723588006439455,0.0069474722743940575,0.006377657968875767,0.006342022739468737,0.0063731162239513426,0.0058333473079330974,0.005966106005723993,0.005728537809677128,0.005148591919327427,0.0048963503935247265,0.004404793846704228,0.0038395212861103635,0.0038989133351220798,0.0032927650702083873,0.0028350969278239857,0.0024162082997942922,0.0020696382255612185,0.0016032359583221527,0.001272736673821661,0.000956211989088632,0.0006976818933905729,0.00048212369197746143,0.00032770436454699915,0.00020717344155263382
0.000749682121126785,0.0012164733792444304,0.0017237995272351802,0.002573325482365191,0.003820093358251626,0.005217053668194195,0.007617572514784573,0.011134720906616154,0.01474488620363023,0.02017357466526716,0.02529462464691979,0.029727861549883532,0.03289214305829346,0.03620192348719527,0.03270013568521034,0.026868231740098836,0.025014720565269724,0.01985356237679528,0.012669926525178574,0.01028348821928096,0.009125043735012764,0.007641893448708435,0.007343215312801349,0.006791514127475833,0.005971429302885235,0.005811849841700592,0.0057879555908280245,0.0056202691516687615,0.005680431461901473,0.005647150183900399,0.005455569493868568,0.005623255933027832,0.005539626054973848,0.005525972197332381,0.00588481264347218,0.005918947287575847,0.005942841538448414,0.006154476331891149,0.006152342916634669,0.005999163701219464,0.006300828618485621,0.006163863359019657,0.00628760144389545,0.0066417483764709935,0.006672896239215589,0.006806874717322484,0.0071473677922565615,0.006803461252912117,0.006759939581679942,0.006682709949395395,0.006649428671394318,0.006551718252647573,0.006632788032393782,0.00647918213392728,0.0063780582507701675,0.006615294027290652,0.006469795106798772,0.0066447351578300656,0.006623401005265273,0.006818821842758766,0.006775726854577887,0.007054777570125364,0.007143527644794898,0.007678588191119877,0.008327573112140845,0.008664226039613261,0.010404666205848978,0.012844866576209868,0.012579043035252563,0.016012134865978862,0.02134609969022812,0.019883856873437286,0.0208357867608783,0.023651041533328226,0.021130198066272424,0.01893875391481701,0.017597689084594192,0.01507684561753839,0.013271122944454409,0.011906590546410323,0.010327436573564433,0.009244088306324302,0.008583582942918347,0.007883822738793175,0.007628239591066968,0.0076790148741711734,0.007251478456772744,0.007037283565022235,0.007055630936227956,0.006656682283266349,0.00656323869503256,0.006442914074567135,0.006023484635143327,0.0058050229128798585,0.005415887970098055,0.004878267325465301,0.004911975286517672,0.00450321292337626,0.003887935963407664,0.0033771963510065475,0.0029680073048138403,0.002362117371973752,0.0019239138782929277,0.0015044844388691202,0.0010833482672401294,0.0007697362245376895,0.0005645016768643919,0.0003183055562666942
0.0009808274416948908,0.001375094551501361,0.001946253824412966,0.002477810374241332,0.003095172824083383,0.0037798599031669405,0.004454426286351448,0.0055342605357544365,0.006864472001094793,0.00847894301212151,0.010195061012395208,0.011443426850030206,0.01359957510678434,0.015027473289063351,0.01514496136754363,0.014421551625889793,0.014474795286923922,0.01369066136987579,0.011529672780300369,0.011113404157669877,0.01134970040539987,0.010777661071975307,0.010929911540717537,0.010419916473456711,0.009710147669753769,0.009402566520473946,0.009263076929169648,0.008937454539374124,0.009278918018402943,0.009522694780493104,0.009159669818896744,0.009379684947136962,0.009210273298391995,0.008960336112711107,0.009048342164007194,0.009389805643036013,0.009421047791246123,0.00960938074101975,0.00956009735229394,0.009300919531226965,0.009570218048192991,0.009636662616921537,0.009879999348755218,0.010114095445202809,0.010283507093947777,0.010381633841142915,0.010714296715042123,0.010670293689394079,0.01053916467296291,0.010584047759123914,0.010638171480671008,0.0104493985006409,0.010245224461633978,0.0104291571088428,0.010581407577585033,0.010888988726864855,0.010991075746368317,0.010955873325849883,0.01088194824276117,0.011139365942802223,0.011512071570041154,0.011952101826521589,0.011849134746505166,0.012192358346559906,0.012503459737891574,0.01303501628771994,0.01426754103612164,0.014628365846435596,0.014203296618675495,0.014617365090023586,0.015741202365074616,0.014587003002326435,0.01432870524177242,0.014719452109527046,0.013710022701160928,0.01310630118926977,0.012475737831733306,0.011699964489558299,0.010910110179175918,0.010611329635025701,0.00974138981796388,0.009338762133284282,0.009289918774814953,0.008867929758850215,0.00858895057624162,0.008786524161401335,0.008540547248028772,0.008428779562882741,0.008259807944394255,0.007882702014590522,0.007745852604825105,0.0076072430740337675,0.007077006614974843,0.006555570761045527,0.006226428129198162,0.005987491699929285,0.005822920384005602,0.005601585164995944,0.004982902624384451,0.004322417209407318,0.0038727062872843127,0.003253143686159859,0.002642821720421495,0.002127106259826425,0.0015361456253732,0.0011022757924834907,0.000822416549361934,0.000504274673926579
0.004290177391087335,0.005060864878078468,0.006169079731635061,0.007250701519947102,0.008166628055581554,0.00897311389963266,0.010478179111454097,0.011603781738439818,0.012298269865403295,0.013372731982303342,0.013823791281259,0.014446171289001674,0.01483330495035024,0.01542755767754579,0.01609852116986986,0.016628848259458314,0.01719753073161103,0.01729520910587467,0.01740516120255887,0.017114683105272234,0.017211850074435018,0.0167413573816468,0.01606630264851588,0.015375394357258402,0.014482992456263362,0.014053412171543685,0.013335399409940798,0.012779502065309502,0.012369866579523242,0.011787887574748251,0.011327111578876312,0.010949183209343169,0.010413742068746146,0.010268503020102826,0.010070077840970405,0.010042461965524139,0.009962171364689628,0.010020982951288157,0.010191280849873455,0.010178495722352037,0.010546195989868045,0.010765588778135594,0.011062203736632513,0.01148206732443591,0.011621169511868949,0.011900908102037594,0.012141779904541128,0.011869712390885332,0.011995006640595239,0.012070183190421182,0.012000120691603807,0.011989892589586671,0.01199807507120038,0.011953071422324983,0.012256846052233898,0.012530447781192262,0.012365775338716387,0.01225173200122533,0.012209796782955076,0.01225173200122533,0.012539141667906827,0.012650116574792744,0.012049215581286054,0.012255823242032183,0.012009837388520085,0.011857950073565627,0.011817549070597943,0.011638557285298078,0.010813660857616128,0.010080817348088396,0.009745335601926364,0.008902028590613571,0.008395226135664525,0.007874615742992346,0.00733457195648761,0.007161717032398027,0.0067352051782834915,0.006331195148606653,0.006072424167573134,0.005932810575039239,0.005657163225677447,0.005657674630778304,0.005488399542394717,0.005211217977730355,0.005058307852574185,0.004810276378658658,0.004482977114110333,0.004403709323477536,0.004249776388119651,0.0038299128003162542,0.0037506450096834562,0.0032412855292301267,0.003036723488887424,0.002716583895751094,0.0024097408352370397,0.0020885784318989964,0.0017715072693678068,0.0015301240617634172,0.0012892522592598847,0.0010555401281683466,0.0009169493458361655,0.0006791459739377735,0.0005615228007407193,0.00042651185411453547,0.00027104470345408124,0.00019382253322471093,0.0001298968956176163,5.932299169938383e-05
0.0014620064313188518,0.002131553624422839,0.0031595942824335504,0.003986016059429052,0.005815141362329076,0.008109499537732111,0.010642673660433912,0.013804963382453227,0.017304722140610303,0.021323083475068533,0.025663819383984238,0.028321522815548377,0.030582457540087926,0.033378706566360376,0.030251457558956005,0.02647191217179654,0.024366234767397042,0.018161332840966368,0.012495518831688666,0.01038229419644903,0.008745084192055462,0.007422701531279228,0.006796820459464632,0.006334822114464538,0.005710558306401399,0.005505165809966119,0.005328344973139945,0.005211901983034903,0.005195729345520314,0.00509869352043278,0.004931037178198207,0.004979555090741974,0.004941818936541266,0.0050857554104211085,0.00517308765299989,0.005051253783723319,0.0051164834216988276,0.0052836006760162485,0.0053676983910921116,0.005383331940689548,0.005454491545753739,0.005501392194546048,0.005639398701337207,0.00591217718741661,0.005917028978670987,0.006002743957498309,0.006208675541850743,0.005942905198694329,0.005767701625619614,0.005870667417795831,0.0057822569993827445,0.005741825405596272,0.005855572956115548,0.005764467098116696,0.005804359603986016,0.005955304220788847,0.006127273266360645,0.006319727652784254,0.0063957390491028235,0.006586037083857821,0.00711973412183926,0.007396286223338733,0.00740113801459311,0.00833268193543344,0.008676620026577033,0.009401154187230625,0.012133790839279025,0.015362388375108156,0.015200661999962265,0.018730609681479906,0.02477108979317892,0.022524171354485346,0.02321096936093823,0.02614522489400184,0.022659482421690743,0.019985067264694862,0.018340310029461154,0.015856731995137426,0.013711701172785763,0.011807103561484325,0.010206012447540007,0.00908255322819322,0.008291711253729815,0.007559629862236083,0.007492782960509115,0.007614077741868533,0.0071752601773060155,0.006843182020339787,0.006842642932422634,0.006633476820567283,0.006349916576144821,0.006128351442194951,0.005468507831599716,0.0052140583347035155,0.004721331978425701,0.004218362951721982,0.0042048857537931575,0.0038108124863543372,0.0031542034032620214,0.00268735326700755,0.0023428760879468033,0.0019380210621649232,0.0013859950350002832,0.001003781701738828,0.0007714348094458985,0.0004722410154260008,0.00038221333326145495,0.0002097051997725049
0.004785318696463824,0.0061273769144522625,0.007320882391981543,0.008250043068997948,0.0092842638590387,0.009564988999754297,0.010703140224184726,0.011913590881234063,0.012651271029673837,0.013247741348779807,0.013750448341208137,0.014249766297732456,0.01496033415894014,0.01571495948689997,0.016275844929013822,0.016779116760759487,0.017313454754958588,0.017563113733220746,0.017868126964581756,0.01770827743777589,0.01777040976268276,0.017408912599588235,0.01665485211094574,0.016101309579957247,0.01566129975175312,0.015182316010652872,0.014794836238960924,0.014289869889263255,0.013719947018072037,0.013315522066860033,0.012630371974932433,0.012065532657597232,0.011675228689318608,0.011331806384378806,0.011066331905231262,0.010635359506104503,0.010588477842765683,0.01050036290926139,0.010620673683853788,0.010520132285368121,0.01081723776628644,0.011291137953530673,0.011332936063013476,0.011898340219666013,0.011863885021308565,0.012126535303869434,0.012319710350398073,0.012369981049640906,0.012308413564051369,0.012594222258622981,0.01235416554875552,0.012795869894911646,0.012806601841941018,0.012934820366976107,0.012906578401109347,0.013371441159276218,0.013248871027414478,0.013026889175701745,0.012934255527658773,0.012665392012607217,0.012790221501738294,0.012951200707178827,0.012305589367464693,0.012373934924862252,0.011958778026620879,0.011195680108901023,0.011166308464399591,0.010825710356046465,0.009744043063349556,0.008854421138546613,0.00822406046040053,0.0075168816350968575,0.006917587119404209,0.006430695627861265,0.00607936557247877,0.005908219259326204,0.005455782966140708,0.005353547049703037,0.005189178808358493,0.00491297238218158,0.004565031362703096,0.004419302818830614,0.004240248755235355,0.004096779568632214,0.003738671441441697,0.0034573814614087665,0.0031371175684797073,0.002962017380105795,0.0028157239969159777,0.002647401880350088,0.002560981464797802,0.0022695243770528384,0.001969029860230511,0.0016849156836109052,0.0014651931891675118,0.0013301965923243988,0.0012646752315135154,0.0010138865746166861,0.0008246654033093937,0.0007359856304877671,0.0005992945156926484,0.00045356597182016656,0.0003050132313610086,0.0002287599235207565,0.00021689829785671725,0.0001479879011418227,9.828204121632501e-05,6.439168217621294e-05
0.0012641255587417795,0.0018650000887005247,0.00305301487364753,0.003972066773755859,0.00527338932720937,0.006690308694997801,0.007877751218487702,0.009975089458772277,0.012546832446995705,0.015128303879989896,0.017908350038599023,0.02119828115548743,0.025626440310554832,0.026617024892801107,0.025986965028530082,0.021723617173108507,0.01974759836172989,0.0175667099487082,0.013832703941107421,0.013685632746631805,0.013154574114439694,0.012291031575670413,0.011754250328907267,0.010998865205530556,0.010835198428798938,0.009660917918822417,0.00937249814444222,0.009299820939390068,0.008776773967597407,0.009613420217882822,0.010170230615644591,0.009450325702608306,0.008361312149740216,0.007995064817193934,0.007888624186172671,0.007837692916490453,0.00797503566619531,0.007497197349513831,0.007055983766086981,0.006380142985247668,0.006018473744358214,0.006161539108634106,0.006825362398874243,0.0068665652237857,0.007498341872428038,0.007735830377126019,0.00823312558334902,0.008426549955850023,0.008545008077470462,0.008006510046336006,0.008140991488755344,0.008177043960552868,0.007876606695573496,0.008788791458196582,0.00967751350107842,0.009225999211423707,0.009197386138568528,0.009456620578636445,0.009812567204954863,0.010256642095667231,0.0114229109452443,0.011390292042189396,0.011531068360636875,0.012180585114449423,0.013438988058620167,0.01762794192461828,0.02489623469129068,0.020473798150794316,0.017326932398181803,0.017024778348831118,0.01558096269255882,0.013462450778361413,0.012015773814803595,0.009943615078631582,0.008737860188514366,0.007304917499927032,0.006968427763150135,0.00749548056514252,0.0075229491150834915,0.006709193323082219,0.0069878846526916566,0.0070033357120334525,0.007131522278424652,0.007187603901220802,0.00758189204516516,0.008031689550448563,0.007370155306036839,0.0071200770492825805,0.006772142083363611,0.006003594946473521,0.005705446727322563,0.0048756676145223915,0.00446650067269334,0.003923424549902055,0.003539437112185562,0.003868487450020113,0.0038942392155897733,0.00314285992241279,0.0032086699899797,0.0029900661133661376,0.0026844784952728324,0.0024830424623723773,0.0021894723348782476,0.001596609465318952,0.0013923121251329783,0.0012063271515743192,0.001025492531129592,0.0007267720505215301
0.0006417258428011512,0.0008023389925849049,0.0011003090894687918,0.0016977027959042914,0.002477512342139439,0.0030734525359072127,0.003913582857853001,0.005798788787893982,0.0073533205860272345,0.009826472390163495,0.014235703067711155,0.015766251906826928,0.019082441058244425,0.022139178198472786,0.021041776134339447,0.0199465543392077,0.021816498386237552,0.017833146920333692,0.011867204175651187,0.010370086127893124,0.009021226372243138,0.007750856300650372,0.008311912190392715,0.007331517896011341,0.006891103557690279,0.006667262606860432,0.0067152285248954,0.00658804616646935,0.007183986360237124,0.007214510126259376,0.00719488770524507,0.007037181580796769,0.006919447054710941,0.006848951690326217,0.007477595919117831,0.007479776188119421,0.007870044339403926,0.008101879609906267,0.007811903832694875,0.007846061380386442,0.008578631764920486,0.00835261054508905,0.008726890057028567,0.009002330707562697,0.008777036244065122,0.008761774361053997,0.009002330707562697,0.009057564188936294,0.008981254773880665,0.008731250595031746,0.008749419503378325,0.008265399785025473,0.008372232966103356,0.008380954042109713,0.008364965402764723,0.008433280498147858,0.008647673616637484,0.008621510388618412,0.008717442224688347,0.009016139077906096,0.008947823982522961,0.009485623669581684,0.00943620423887899,0.009888973434875725,0.010065575224004468,0.01040860421358787,0.011216757256843679,0.012647013721886334,0.013213883662299584,0.014666669573691997,0.019202355853331843,0.018426180088766012,0.019165291280304825,0.022296157566587226,0.020293217110460417,0.019248141502365222,0.018361498775052193,0.016348383730251298,0.01427349439707204,0.013657205025956097,0.012108487278493748,0.011217484013177542,0.010569944119705486,0.00996455609359749,0.009504519334262126,0.009904962074220714,0.00946890827390283,0.009064104995941062,0.009003784220230423,0.008803199472084196,0.008472525340176468,0.008298103820049316,0.007865683801400748,0.007124392340860346,0.006791537939951029,0.00635403062696542,0.005852568756599855,0.0049579317096143305,0.00435109017083861,0.003815470752781477,0.003369969120123373,0.0025014953011569226,0.0021279425455512694,0.0016461030962000086,0.0012376660365689249,0.000834316271274883,0.0005988472191032261,0.0003532035782574853
0.005268698971898452,0.006971421535660931,0.008827661877483458,0.009822799961659516,0.010252182173390923,0.010680785107061113,0.010813262377468262,0.011287063438689127,0.012952380655513115,0.01436053611213499,0.01634379877793614,0.017840791933536927,0.017935863857005588,0.017434008785580858,0.017893003563638567,0.016768505321300236,0.016219893566202393,0.01568920520651258,0.012682750446331506,0.011565265706544139,0.01198295874735727,0.012001661420826513,0.011954904737153403,0.011848143642766465,0.010525708772878626,0.009689543413191148,0.01103691518103798,0.00993111961216889,0.010180488591758819,0.01103691518103798,0.009826696351965609,0.008636738752484921,0.00921730090809272,0.007776415772899668,0.007196632895353085,0.007973573122387953,0.0068482956019884035,0.006057328369851601,0.006980772872395553,0.0067259489463770954,0.006672178760153017,0.008311779800956796,0.007990717239734761,0.007734334757593868,0.00970980464278283,0.009733182984619386,0.010648834706551152,0.012110760349397107,0.0116392971223599,0.010961325209099782,0.012800421433575503,0.012833151112146682,0.012130242300927569,0.012635993762658393,0.012491048043271748,0.010496875484613541,0.010952753150426377,0.009900727767781368,0.009423030316254412,0.010617663584102412,0.010139186854514239,0.010143083244820331,0.011853598589194993,0.011329923732056145,0.011299531887668622,0.01313473172183825,0.013084078647859047,0.011513833354503717,0.011484220788177412,0.012290773581538588,0.01148655862236107,0.010678447272877457,0.010072948219310662,0.009516543683600635,0.009502516678498702,0.009019364280543216,0.008034356811162999,0.008239306941263472,0.007466263104534694,0.0065030754208685974,0.006613732905561627,0.007723424864736808,0.006485931303521789,0.0060261572474028585,0.005795490941282176,0.004981924645370035,0.005400396964244383,0.0050840100713896615,0.004995951650471968,0.005087127183634536,0.00520090178057244,0.004511240696394045,0.00497880753312516,0.005473649101998925,0.005627166880058974,0.006835047874947688,0.00706727273719081,0.005225059400470215,0.005183757663225633,0.005069983066287728,0.0043998039336397956,0.0037568995331345124,0.004075624260172889,0.0025552527627355458,0.002268478436207128,0.0017471414132519346,0.0012834709668269118,0.0009218859464215159
0.0005775213571998347,0.0008362969297715956,0.0011032875998853173,0.0014401065991057043,0.0018500399664495414,0.002151534046239498,0.002683050857204353,0.0032334623925157173,0.004080438949091862,0.005587087838287447,0.006709270162519275,0.007367299475630324,0.008753186430959087,0.010785601562840155,0.011225109281335051,0.01196282504060312,0.012479554675992443,0.011373802546844539,0.009683135472709034,0.009186122071420414,0.009174620934861669,0.008659534318980736,0.009252664361510295,0.00925595040052708,0.008780296252847557,0.00862092336053352,0.008801655506456655,0.008698145277427951,0.009056323530257437,0.009307705515041433,0.009062895608291004,0.009213231893308884,0.00913929601543124,0.009039071825419319,0.009754606821324093,0.010154682071617576,0.010190006991048007,0.010445496524602985,0.010201508127606751,0.010178505854489263,0.01083489214809192,0.010885825752852076,0.010990157491634976,0.011439523327180224,0.01112899264009411,0.011213608144776307,0.011501958068499124,0.011307260256754659,0.011653115863271201,0.011598074709740065,0.01129411610068752,0.011474848246610655,0.011285079493391364,0.011443630875951205,0.01153235392940438,0.01112488509132313,0.011132278679110895,0.011462525600297714,0.010969619747780074,0.011314653844542421,0.011133921698619287,0.011384482173649088,0.011543855065963124,0.011775520816646417,0.011957895982077943,0.012136985108492683,0.01274983138512295,0.013923768823869129,0.01423676404021783,0.014505397729839945,0.015919216016811375,0.01592660960459914,0.015809955219503298,0.016872988841433005,0.016163204413807607,0.015733554812363063,0.014662306092891392,0.013477689027340665,0.012769547619223658,0.012412190876148367,0.011217715693547285,0.011142958305915444,0.010535862597564552,0.010160432639896948,0.009775144565178993,0.010040492215784324,0.009657668670328957,0.009261700968806453,0.009146689603219004,0.009102328076492416,0.008649676201930382,0.008491124819370543,0.008245493402865919,0.007934962715779805,0.00779202001854969,0.007564461816637379,0.006854677389011978,0.006372451163298887,0.0056240557772262705,0.004800903003521812,0.004153553317215312,0.003475807770003557,0.0028038127910711744,0.0022460076679720452,0.0017235274643033474,0.0012051548094056293,0.0008075440883747332,0.0004748326379253264
0.005946522711989284,0.01034538005538898,0.016096809738520842,0.02338282592797252,0.02719095465885422,0.029687927447191367,0.028313557003676246,0.02771301924445592,0.024984986556019488,0.020284225475225907,0.012278871860936815,0.007236970455940036,0.005810284563345833,0.005116014957858814,0.004919832023812248,0.004405396774534582,0.004272428341458575,0.004096953606005813,0.0038560845592041943,0.0038822422837437366,0.00409368389043837,0.004354171230644645,0.0047966727374385695,0.00457433207885246,0.004464251654748552,0.004586321035933083,0.00426588891032369,0.004371609713671007,0.004092593985249222,0.0038092186360708475,0.0037874205322878957,0.003996682328604234,0.003969434698875544,0.003966164983308102,0.004470791085883438,0.004705120701550171,0.005256612727258855,0.0061645037498188025,0.0068217165788748025,0.007323072965882697,0.007668572910842484,0.006863132976062411,0.006712726059960043,0.0071813852912935095,0.006918718140708938,0.0062822135102467425,0.006226628345600216,0.006191751379547492,0.006114368111118013,0.006053333420525747,0.006154694603116474,0.0067094563443926,0.0077884624816487195,0.007581380495710677,0.008610250994266006,0.010068544137345491,0.011235832594922565,0.013838526186607024,0.015241234165039981,0.016376915372131776,0.019509302885741965,0.01901339602467981,0.019600854921630363,0.02165750601355188,0.021983387665107008,0.02189074572402946,0.020929449347201284,0.02220899803926056,0.02119756602373159,0.019646630939574562,0.020563241203647692,0.018937102661439477,0.01706355564129476,0.015932234054959558,0.01421672328724124,0.012509931761036106,0.010215681337880417,0.007902902526509218,0.0064827560650499,0.0055705054217333625,0.00480975159970834,0.004363980377346974,0.0039639851729298065,0.004050087682872467,0.004469701180694291,0.005102936095589044,0.004967787852134742,0.005171600122505343,0.0053699628669302045,0.0047127500378742046,0.0053285464697425955,0.008370471852653535,0.0067258049222298135,0.011348092829404768,0.013755693392231809,0.010315952615281995,0.009388443299317392,0.006120907542252898,0.003888781714878622,0.002335666820343298,0.0017166006729074635,0.0010779162320669724,0.0007182475196482657,0.0005002664818187464,0.00034114032420319747,0.00024740847793650424,0.00018310407177679608,0.00011226023448220237
0.00044937512089488163,0.0007619326196800356,0.0012679219290341148,0.0020027269167441184,0.002958091346993079,0.00474379720797694,0.00759691641386859,0.010513726581776838,0.014658356961893935,0.01988809262081232,0.027874231580337895,0.031952812073919264,0.035977137303560565,0.041006364378352624,0.039684187185378444,0.03355806020918943,0.03282915253277726,0.02593637508786994,0.014786918348186696,0.01115417458872151,0.009057090691212064,0.006965904105000449,0.006386788135553239,0.005852491731969561,0.004985586971188096,0.004763848066389572,0.004354574662319955,0.0043062167096777244,0.004473700350536184,0.004273191766409859,0.004282627464486392,0.0044654441147192175,0.0042484230589589595,0.004520878840918849,0.004903024613018433,0.004616415283943745,0.004623492057501144,0.005101174272625624,0.004781540000283071,0.004976151273111564,0.005109430508442591,0.004827539028406169,0.005157788461084823,0.005340605111317649,0.005390142526219447,0.005547011006741807,0.00555998509159704,0.005506909289916541,0.005262760602186251,0.005236812432475786,0.0050917385745490925,0.0051507116875274235,0.0051047126594043245,0.005255683828628852,0.005108251046183025,0.005215582111803587,0.005219120498582287,0.005414911233670346,0.005368912205547247,0.005391321988479013,0.005561164553856607,0.006012898599270621,0.005889055062016126,0.006488221889875969,0.006958827331443049,0.00727256429248777,0.009422723991677715,0.011449040153613166,0.01169554776586259,0.015969918994532012,0.022146762847882397,0.020520284391940025,0.02246639712022495,0.026681795235916045,0.02373196012473993,0.021263345615467,0.01954368964101887,0.01705266534881417,0.014474360849401543,0.012844344006680476,0.010645826354848299,0.0097871778298838,0.009070064776067296,0.008225569798217596,0.007836347252560613,0.00789649982779851,0.007613428885502523,0.007369280197772232,0.0075603530838220245,0.007159335915569374,0.0068915979826477515,0.00667929477592576,0.006040026231240653,0.005777006147357297,0.005420808544968179,0.004911280848835399,0.0050186119144559616,0.0044831360486127176,0.0037377159005666143,0.0031479847707833047,0.0027870693193559194,0.0023011308684144725,0.0017172970499289965,0.0013151004194167798,0.0009353135718363284,0.0007076773557399711,0.0004458367341161818,0.0002748147064790221
0.0009769296246050477,0.0015138008597483622,0.0024416954066705313,0.0036688296584266784,0.005151197776070631,0.007739998415789799,0.010542541701818951,0.013389090826794276,0.016536136966287758,0.019373884923473847,0.022914468994114538,0.025695638015512688,0.026805842466640434,0.02818259657081357,0.02612312330813266,0.022200317093502352,0.02049917709081171,0.017132101756587362,0.012876108475650313,0.010791489019285873,0.009853535994890295,0.00879865316986631,0.00826052462503882,0.008040495430307954,0.007303711955380595,0.00701704534738838,0.00691646057265427,0.006741694526553753,0.006911431333917564,0.0067077471650809906,0.006774384578342339,0.006688887519818345,0.006438682892667245,0.006651168229293053,0.0065141214737178274,0.006594589293505117,0.006527951880243768,0.00646131446698242,0.006221168317304731,0.006323010401723018,0.006130642020044032,0.006365758930985015,0.0064927472090868295,0.006960466411600443,0.0069252617404435045,0.0072458757099084815,0.007589121253688633,0.0077902908031568545,0.0074608756659026425,0.007455846427165937,0.007177980986962957,0.007203127180646484,0.007203127180646484,0.0070459634701244365,0.00720815641938319,0.007395495562325471,0.00760420896989875,0.007634384402318983,0.007887103648838436,0.007965056849257371,0.008659091794922733,0.008855232105654249,0.00968128456815813,0.010169120725618565,0.011035407098016092,0.011513184778003116,0.013973739829936294,0.01589239440798945,0.01619414873219178,0.018818154043067886,0.02268438132191026,0.021986574447192368,0.021692363981095093,0.021571662251414162,0.019417890762420023,0.016864294793857794,0.014563418071815017,0.012775523700916204,0.010797775567706756,0.009488916186479145,0.008265553863775525,0.007386694394536236,0.006996928392441558,0.006291577659618608,0.006369530860037544,0.006111782374781385,0.006209852530147144,0.006201051362357909,0.006309179995197078,0.006105495826360504,0.005982279477311218,0.0057484198760544124,0.005457981339009668,0.0051046773177561055,0.00465833237987349,0.004399326584933155,0.003959268195471422,0.003538069451272335,0.0032514028432801202,0.003028859029180901,0.002854092983080384,0.002249327024991545,0.001849502545423456,0.0014710523304863653,0.0011403798835479771,0.0006626022035609526,0.0004388010797775568,0.0002803800595713329
0.005836741784185838,0.007505961498981409,0.007918134011338689,0.009996367828435162,0.010845980133600741,0.012775768678047465,0.013950697219019939,0.014364448936405406,0.015591491243308112,0.015522006222067805,0.016344772041754174,0.01674904852897051,0.017113844890482125,0.017364938489964146,0.016873805726197427,0.01664482099711005,0.015905753043917684,0.015193531576204532,0.013998073369865603,0.013309539977575283,0.01294158520600729,0.01228147750422437,0.011951423653332906,0.011408177123635958,0.010956524485573958,0.01051592628270928,0.009925303602166664,0.009655259542346377,0.00956208644568324,0.009108854602593051,0.008654043554474675,0.00867141480978475,0.00824818786223015,0.008350836189062422,0.008358732214203366,0.008186598866130787,0.007937084471676955,0.008407687570077219,0.008306618448273136,0.008756691881306946,0.00891145397406945,0.009524185525006707,0.009612621006585281,0.010318525654185678,0.010470129336891804,0.010267991093283637,0.010266411888255448,0.010545931178244868,0.009994788623406973,0.010242723812832616,0.010321684064242057,0.01025061983797356,0.01026483268322726,0.01043538682627165,0.010918623564897426,0.01075438624196579,0.01086177218388263,0.01100547984144781,0.011147608293984803,0.011411335533692333,0.011471345324763509,0.012166195537166585,0.011785607125373082,0.012428343571845928,0.012835778469118639,0.012720496502060858,0.013780143075975549,0.014301280735277856,0.013566950397170058,0.014274434249798644,0.014304439145334233,0.012870520979738793,0.012469402902578836,0.01223883896846327,0.010801762392811455,0.01051592628270928,0.009315730461285785,0.008611405018713577,0.007284872795034976,0.007168011622949005,0.006263127141796817,0.005836741784185838,0.005779890403171042,0.005272965589122434,0.005302970484658021,0.005377193120982895,0.00497291663376656,0.004995025504161203,0.0048607930767651545,0.0044028236185903995,0.004502313535366295,0.004219635835320498,0.003622696334665128,0.0036021666692986737,0.003543736083255688,0.003210523822307849,0.002878890766388199,0.0029246877122056742,0.00224089193499992,0.001961372645010501,0.0016644820997110048,0.001223883896846327,0.0008385578699682577,0.0006995878274876424,0.0006395780364164677,0.00039006364196263584,0.0002431975743410766,0.00010106912180408378
0.004556189830652079,0.006064328909882334,0.0072483875409072125,0.00973088613761769,0.011533451244956099,0.011940140434860887,0.013092426472924454,0.014047722434627888,0.015466898253566471,0.016070577519831392,0.01622308596604569,0.01571684265152879,0.016549284587115153,0.016174367990171676,0.01590536003643257,0.015329217017400788,0.014702237849630906,0.01382319611103462,0.012512047108164497,0.011796104680102943,0.01164783257961682,0.011253852426896558,0.011402124527382677,0.010696772963641561,0.010370574342572096,0.01000201226422088,0.010120629944609778,0.009845267472278412,0.009286069836159327,0.00878829921309878,0.008777708348778343,0.008667563359845795,0.008517173086495588,0.008661208841253534,0.008510818567903325,0.008366782813145379,0.008407028097563041,0.008877262473390452,0.008925980449264462,0.009014943709556137,0.009129325044216858,0.009631332013005579,0.009694877198928203,0.010247720316455024,0.010287965600872686,0.010063439277279417,0.010131220808930214,0.009726649791889514,0.00990457631247286,0.010016839474269493,0.009893985448152422,0.010012603128541318,0.01012698446320204,0.010203238686309188,0.010775145359612798,0.010944599188739792,0.010603573357621713,0.011130998400779487,0.010715836519418348,0.01055697355461179,0.010974253608837015,0.01204393090520117,0.011675368826849958,0.012192203005687293,0.01292932716238972,0.012889081877972058,0.014409929994386839,0.014537020366232086,0.014225648955211232,0.014562438440601136,0.014935236864680524,0.01348428845278063,0.013674924010548498,0.013098780991516715,0.011402124527382677,0.010766672668156447,0.009957530634075045,0.008616727211107697,0.008224865231251521,0.007841475942851695,0.006710371633429003,0.006267673504834728,0.006093983329979558,0.005691530485802945,0.005918174982260302,0.005971129303862488,0.005422522532063841,0.00580379364759958,0.0054204043591997535,0.005003124304974528,0.005255186875800934,0.00519164168987831,0.004384617828660997,0.00427447283972845,0.003952510564387159,0.0035161669543851467,0.003840247402590525,0.003317058705160928,0.00289342413234344,0.002332108323360269,0.0020016733565626286,0.0016924201184058628,0.0014022304360258838,0.0011183952722381672,0.0007710149225278274,0.00037279842407938904,0.00029654420097224133,0.00022240815072918098
0.0006850792281440697,0.001798332973878183,0.002216992502188448,0.00379330905953846,0.004656001420905067,0.007856209482003985,0.010514063154155514,0.014599165218273855,0.018218032807683037,0.024637478908440435,0.032674473186760214,0.03500247389721275,0.036959390025753915,0.04740050492876445,0.0426969285614605,0.033854331857452784,0.03406366162160791,0.024386917524072925,0.012540755870748387,0.008839425040914456,0.0062830645877472325,0.005065145959935553,0.004662344747091586,0.0037901373964452003,0.003441254456186647,0.00288621341486622,0.002854496783933624,0.002556360453167223,0.0027720335435088748,0.002603935399566117,0.0026007637364728574,0.002756175228042577,0.0028037501744414706,0.0029179300457988157,0.003269984649150629,0.002867183436306662,0.003003564949316824,0.003146289788513506,0.0031018865052078715,0.0030384532433426798,0.0032192380396584763,0.0034666277609327234,0.0030257665909696413,0.0030765132004617946,0.003019423264783122,0.00333976123720234,0.0034380827930933873,0.003441254456186647,0.0032160663765652166,0.003292186290803446,0.0034634560978394637,0.0033746495312281955,0.0036537558834350385,0.0037425624500463067,0.0036537558834350385,0.003929690572548622,0.0033778211943214552,0.004031183791532929,0.004050213770092487,0.0041390203367037545,0.004113647031957678,0.0045132765817083855,0.004262715197340878,0.004922421120738872,0.005734366872613324,0.006191086358042704,0.009495959301219188,0.012645420752825954,0.01276594395036982,0.01912512845235528,0.02721604100326047,0.022299963208708123,0.023559113456732176,0.03194499067531051,0.02799944178729559,0.02261712951803408,0.02278205599888358,0.020174948936224204,0.017171383986907377,0.01472603174200424,0.012242619539981988,0.010736079570683685,0.009004351521763954,0.007805462872511831,0.008880656661126831,0.009974880428301386,0.008160689138956904,0.007853037818910724,0.008703043527904292,0.008008449310480444,0.008328787282899663,0.0065875442447001515,0.005915151668929121,0.005404513910914328,0.004716263019676999,0.004608426474506173,0.004884361163619757,0.004430813341283636,0.003609352600129404,0.0032192380396584763,0.002784720195881913,0.0019125128452355282,0.0014399350443398502,0.001024447179122845,0.0008500057089935681,0.00042183119140352444,0.00027593468911358366,0.00019029978559557492
