t,station,actual,tdagnet,baseline
2023-05-23 08:00:00,9,278.0,288.20032,310.36548
2023-05-23 08:10:00,9,300.0,297.41376,305.50482
2023-05-23 08:20:00,9,312.0,360.6886,284.7881
2023-05-23 08:30:00,9,268.0,313.56494,272.31018
2023-05-23 08:40:00,9,277.0,275.01825,263.1322
2023-05-23 08:50:00,9,276.0,283.52448,279.47076
2023-05-23 09:00:00,9,284.0,316.09363,310.86035
2023-05-23 09:10:00,9,305.0,323.08014,318.833
2023-05-23 09:20:00,9,316.0,308.76294,293.14056
2023-05-23 09:30:00,9,333.0,304.4182,272.64337
2023-05-23 09:40:00,9,321.0,296.22858,281.96777
2023-05-23 09:50:00,9,274.0,303.13257,299.78845
2023-05-23 10:00:00,9,305.0,301.48212,313.6891
2023-05-23 10:10:00,9,316.0,299.33533,337.18414
2023-05-23 10:20:00,9,367.0,305.49365,346.97803
2023-05-23 10:30:00,9,333.0,333.34338,367.56128
2023-05-23 10:40:00,9,360.0,368.25488,374.5492
2023-05-23 10:50:00,9,371.0,384.41492,370.66687
2023-05-23 11:00:00,9,360.0,409.3573,348.4804
2023-05-23 11:10:00,9,382.0,431.14508,347.91547
2023-05-23 11:20:00,9,390.0,458.00848,376.26678
2023-05-23 11:30:00,9,407.0,482.35535,415.96887
2023-05-23 11:40:00,9,434.0,504.07333,428.08008
2023-05-23 11:50:00,9,438.0,520.8495,435.8692
2023-05-23 12:00:00,9,540.0,534.01575,444.5775
2023-05-23 12:10:00,9,540.0,567.461,485.26782
2023-05-23 12:20:00,9,592.0,599.43274,532.19324
2023-05-23 12:30:00,9,628.0,637.0447,574.80804
2023-05-23 12:40:00,9,633.0,659.5007,588.7186
2023-05-23 12:50:00,9,662.0,672.90845,620.2333
2023-05-23 13:00:00,9,650.0,684.94586,641.3711
2023-05-23 13:10:00,9,775.0,693.2095,665.03186
2023-05-23 13:20:00,9,736.0,716.3565,706.4906
2023-05-23 13:30:00,9,860.0,730.1446,736.6851
2023-05-23 13:40:00,9,863.0,760.99713,789.57227
2023-05-23 13:50:00,9,814.0,785.669,816.976
2023-05-23 14:00:00,9,904.0,789.08026,811.6493
2023-05-23 14:10:00,9,760.0,809.0132,817.52386
2023-05-23 14:20:00,9,669.0,789.03973,807.2608
2023-05-23 14:30:00,9,737.0,757.0591,761.5513
2023-05-23 14:40:00,9,740.0,750.0928,757.13983
2023-05-23 14:50:00,9,713.0,754.45233,778.3154
2023-05-23 15:00:00,9,813.0,759.4943,786.0557
2023-05-23 15:10:00,9,812.0,782.2942,802.0063
2023-05-23 15:20:00,9,751.0,804.06604,822.8861
2023-05-23 15:30:00,9,852.0,809.5631,804.0791
2023-05-23 15:40:00,9,906.0,829.61395,818.6283
2023-05-23 15:50:00,9,757.0,843.7279,838.937
2023-05-23 16:00:00,9,854.0,811.6172,798.5342
2023-05-23 16:10:00,9,967.0,823.5506,814.7761
2023-05-23 16:20:00,9,869.0,896.175,902.0479
2023-05-23 16:30:00,9,822.0,927.1146,951.1334
2023-05-23 16:40:00,9,955.0,953.9434,907.7309
2023-05-23 16:50:00,9,919.0,1056.2037,971.28033
2023-05-23 17:00:00,9,1106.0,1096.7286,988.359
2023-05-23 17:10:00,9,1332.0,1238.0486,1186.5007
2023-05-23 17:20:00,9,1073.0,1452.1919,1432.9598
2023-05-23 17:30:00,9,1902.0,1668.6794,1453.0513
2023-05-23 17:40:00,9,2271.0,2127.6638,1904.6909
2023-05-23 17:50:00,9,1774.0,1891.5156,2038.6615
2023-05-23 18:00:00,9,2192.0,2221.0374,2123.1265
2023-05-23 18:10:00,9,3024.0,2467.5454,2170.523
2023-05-23 18:20:00,9,1977.0,2169.5037,2140.5386
2023-05-23 18:30:00,9,1638.0,1785.883,1772.931
2023-05-23 18:40:00,9,1509.0,1643.4698,1570.9631
2023-05-23 18:50:00,9,1440.0,1390.8405,1326.9258
2023-05-23 19:00:00,9,1315.0,1181.987,1160.225
2023-05-23 19:10:00,9,1275.0,1115.3981,1118.8066
2023-05-23 19:20:00,9,1312.0,1109.0188,1147.6367
2023-05-23 19:30:00,9,1178.0,1121.5461,1165.3097
2023-05-23 19:40:00,9,1148.0,1137.2554,1171.7806
2023-05-23 19:50:00,9,1214.0,1121.992,1136.5894
2023-05-23 20:00:00,9,1352.0,1125.4315,1140.1271
2023-05-23 20:10:00,9,1356.0,1158.353,1173.4435
2023-05-23 20:20:00,9,1124.0,1226.051,1232.4141
2023-05-23 20:30:00,9,1231.0,1198.7352,1200.3428
2023-05-23 20:40:00,9,1112.0,1205.1702,1187.5269
2023-05-23 20:50:00,9,1196.0,1171.3616,1125.375
2023-05-23 21:00:00,9,1254.0,1158.6045,1131.3456
2023-05-23 21:10:00,9,1176.0,1160.4528,1166.3501
2023-05-23 21:20:00,9,1045.0,1122.1896,1155.1715
2023-05-23 21:30:00,9,1115.0,1004.3758,1048.9312
2023-05-23 21:40:00,9,863.0,931.0931,1027.8942
2023-05-23 21:50:00,9,748.0,752.51025,841.1361
2023-05-23 22:00:00,9,1224.0,595.3891,646.9934
2023-05-23 22:10:00,9,1339.0,640.1846,695.3115
2023-05-23 22:20:00,9,561.0,691.084,760.818
2023-05-23 22:30:00,9,400.0,436.70703,497.33453
2023-05-23 22:40:00,9,259.0,293.92175,324.26392
2023-05-23 22:50:00,9,163.0,185.77051,213.56757
2023-05-23 23:00:00,9,159.0,107.29962,133.73694
2023-05-24 08:00:00,9,265.0,277.17932,323.29572
2023-05-24 08:10:00,9,296.0,276.80695,316.29187
2023-05-24 08:20:00,9,283.0,333.90753,281.0982
2023-05-24 08:30:00,9,312.0,320.93335,248.03925
2023-05-24 08:40:00,9,241.0,275.14935,261.35565
2023-05-24 08:50:00,9,311.0,263.17657,271.32037
2023-05-24 09:00:00,9,260.0,298.63385,314.68005
2023-05-24 09:10:00,9,254.0,310.7531,323.93854
2023-05-24 09:20:00,9,257.0,292.8813,310.2364
2023-05-24 09:30:00,9,217.0,275.40723,265.62158
2023-05-24 09:40:00,9,335.0,243.65228,243.5694
2023-05-24 09:50:00,9,286.0,261.88715,268.94714
2023-05-24 10:00:00,9,315.0,269.36652,293.11963
2023-05-24 10:10:00,9,329.0,274.6596,326.24457
2023-05-24 10:20:00,9,312.0,283.7417,345.80408
2023-05-24 10:30:00,9,347.0,306.4289,353.55554
2023-05-24 10:40:00,9,359.0,344.877,362.40454
2023-05-24 10:50:00,9,340.0,372.16638,363.70422
2023-05-24 11:00:00,9,375.0,394.3167,344.5531
2023-05-24 11:10:00,9,361.0,425.935,362.67487
2023-05-24 11:20:00,9,396.0,447.3761,385.47345
2023-05-24 11:30:00,9,424.0,468.02322,383.97284
2023-05-24 11:40:00,9,455.0,487.94614,399.0597
2023-05-24 11:50:00,9,435.0,512.2623,429.75012
2023-05-24 12:00:00,9,546.0,526.38257,445.31897
2023-05-24 12:10:00,9,500.0,568.0702,492.0261
2023-05-24 12:20:00,9,572.0,595.18134,522.5792
2023-05-24 12:30:00,9,628.0,625.2367,553.1581
2023-05-24 12:40:00,9,564.0,645.65393,577.6699
2023-05-24 12:50:00,9,653.0,649.4903,598.8191
2023-05-24 13:00:00,9,657.0,661.95557,631.5862
2023-05-24 13:10:00,9,699.0,678.16565,667.9046
2023-05-24 13:20:00,9,797.0,700.0469,709.9567
2023-05-24 13:30:00,9,830.0,726.4822,756.83936
2023-05-24 13:40:00,9,794.0,754.8601,791.4536
2023-05-24 13:50:00,9,798.0,766.47736,800.50836
2023-05-24 14:00:00,9,828.0,771.0638,790.9561
2023-05-24 14:10:00,9,773.0,772.77844,793.7773
2023-05-24 14:20:00,9,770.0,767.08356,786.1937
2023-05-24 14:30:00,9,717.0,766.4812,783.50305
2023-05-24 14:40:00,9,746.0,754.2643,757.6638
2023-05-24 14:50:00,9,676.0,751.36993,759.49207
2023-05-24 15:00:00,9,808.0,746.6812,762.427
2023-05-24 15:10:00,9,831.0,772.6997,788.8134
2023-05-24 15:20:00,9,776.0,803.28906,815.353
2023-05-24 15:30:00,9,822.0,816.51794,816.6738
2023-05-24 15:40:00,9,767.0,821.39307,805.6244
2023-05-24 15:50:00,9,818.0,802.1664,790.9195
2023-05-24 16:00:00,9,863.0,799.4929,804.39746
2023-05-24 16:10:00,9,967.0,828.7703,836.4364
2023-05-24 16:20:00,9,885.0,931.8451,951.47174
2023-05-24 16:30:00,9,861.0,954.89935,956.6113
2023-05-24 16:40:00,9,975.0,992.284,935.42065
2023-05-24 16:50:00,9,984.0,1102.249,971.22736
2023-05-24 17:00:00,9,1130.0,1175.2869,1035.114
2023-05-24 17:10:00,9,1351.0,1374.5978,1351.7103
2023-05-24 17:20:00,9,1179.0,1554.7212,1668.3811
2023-05-24 17:30:00,9,1901.0,1909.0696,1790.7632
2023-05-24 17:40:00,9,2291.0,2288.6406,2301.022
2023-05-24 17:50:00,9,1798.0,2065.291,2390.2388
2023-05-24 18:00:00,9,2210.0,2379.6924,2463.3433
2023-05-24 18:10:00,9,3092.0,2603.5596,2425.1448
2023-05-24 18:20:00,9,1882.0,2250.759,2112.6768
2023-05-24 18:30:00,9,1729.0,1716.0396,1710.4275
2023-05-24 18:40:00,9,1638.0,1624.064,1556.2828
2023-05-24 18:50:00,9,1340.0,1441.7024,1384.8223
2023-05-24 19:00:00,9,1366.0,1204.7894,1192.214
2023-05-24 19:10:00,9,1426.0,1145.4825,1156.5989
2023-05-24 19:20:00,9,1128.0,1150.1768,1206.015
2023-05-24 19:30:00,9,1207.0,1098.2876,1158.7225
2023-05-24 19:40:00,9,1171.0,1114.5608,1154.3236
2023-05-24 19:50:00,9,1220.0,1101.2888,1113.1178
2023-05-24 20:00:00,9,1318.0,1094.2056,1105.4174
2023-05-24 20:10:00,9,1394.0,1130.3079,1131.5427
2023-05-24 20:20:00,9,1204.0,1231.7837,1225.2263
2023-05-24 20:30:00,9,1204.0,1212.295,1240.0984
2023-05-24 20:40:00,9,1292.0,1185.4304,1219.0575
2023-05-24 20:50:00,9,1190.0,1201.716,1217.5457
2023-05-24 21:00:00,9,1197.0,1145.5123,1177.3403
2023-05-24 21:10:00,9,1240.0,1114.8859,1182.3864
2023-05-24 21:20:00,9,1068.0,1097.1798,1192.277
2023-05-24 21:30:00,9,1128.0,981.84845,1083.8341
2023-05-24 21:40:00,9,937.0,927.05505,1057.3052
2023-05-24 21:50:00,9,765.0,806.85516,909.45154
2023-05-24 22:00:00,9,1158.0,626.728,683.3292
2023-05-24 22:10:00,9,1356.0,658.151,719.9106
2023-05-24 22:20:00,9,499.00003,725.6234,801.47876
2023-05-24 22:30:00,9,353.0,442.52063,478.46835
2023-05-24 22:40:00,9,329.0,287.8645,304.54053
2023-05-24 22:50:00,9,159.0,204.57367,232.76074
2023-05-24 23:00:00,9,148.0,116.30707,141.77667
2023-05-25 08:00:00,9,292.0,277.2246,304.11932
2023-05-25 08:10:00,9,297.0,303.4513,325.90936
2023-05-25 08:20:00,9,279.0,358.38074,294.539
2023-05-25 08:30:00,9,282.0,313.25464,280.98352
2023-05-25 08:40:00,9,277.0,263.58093,263.85388
2023-05-25 08:50:00,9,316.0,266.82867,279.37964
2023-05-25 09:00:00,9,278.0,307.4699,326.33008
2023-05-25 09:10:00,9,309.0,317.14844,339.13245
2023-05-25 09:20:00,9,286.0,309.93903,316.76508
2023-05-25 09:30:00,9,319.0,298.8452,276.7094
2023-05-25 09:40:00,9,284.0,291.5802,292.44623
2023-05-25 09:50:00,9,294.0,290.73645,295.4135
2023-05-25 10:00:00,9,315.0,298.56647,312.71942
2023-05-25 10:10:00,9,307.0,302.8089,341.2204
2023-05-25 10:20:00,9,379.0,304.78906,356.37695
2023-05-25 10:30:00,9,357.0,335.32892,374.0749
2023-05-25 10:40:00,9,382.0,366.07892,378.63232
2023-05-25 10:50:00,9,335.0,387.71198,379.7262
2023-05-25 11:00:00,9,373.0,395.08185,339.27832
2023-05-25 11:10:00,9,429.0,418.5749,349.36096
2023-05-25 11:20:00,9,373.0,458.75488,404.06348
2023-05-25 11:30:00,9,391.0,483.2215,426.95734
2023-05-25 11:40:00,9,439.0,502.2228,420.46063
2023-05-25 11:50:00,9,477.0,525.63293,446.94427
2023-05-25 12:00:00,9,518.0,546.18726,453.68878
2023-05-25 12:10:00,9,536.0,575.93726,487.61743
2023-05-25 12:20:00,9,595.0,605.0482,519.2356
2023-05-25 12:30:00,9,586.0,638.8338,555.9226
2023-05-25 12:40:00,9,644.0,654.9639,581.8617
2023-05-25 12:50:00,9,710.0,675.25867,620.6752
2023-05-25 13:00:00,9,737.0,701.17444,672.67065
2023-05-25 13:10:00,9,762.0,722.3743,718.0284
2023-05-25 13:20:00,9,814.0,749.6437,767.5988
2023-05-25 13:30:00,9,797.0,778.02313,808.6511
2023-05-25 13:40:00,9,832.0,791.59393,839.40625
2023-05-25 13:50:00,9,917.0,808.38806,869.67847
2023-05-25 14:00:00,9,861.0,830.4416,863.84656
2023-05-25 14:10:00,9,807.0,832.93445,855.12085
2023-05-25 14:20:00,9,774.0,829.9877,840.4352
2023-05-25 14:30:00,9,807.0,813.93335,804.4524
2023-05-25 14:40:00,9,742.0,800.52606,800.35486
2023-05-25 14:50:00,9,778.0,784.3657,794.81805
2023-05-25 15:00:00,9,863.0,786.698,805.4076
2023-05-25 15:10:00,9,850.0,810.36383,836.08905
2023-05-25 15:20:00,9,776.0,831.0867,859.0291
2023-05-25 15:30:00,9,856.0,828.7571,838.90686
2023-05-25 15:40:00,9,834.0,843.8046,842.01917
2023-05-25 15:50:00,9,794.0,842.9879,847.7359
2023-05-25 16:00:00,9,842.0,835.04443,826.86053
2023-05-25 16:10:00,9,856.0,838.30804,867.2565
2023-05-25 16:20:00,9,942.0,854.7223,900.32117
2023-05-25 16:30:00,9,896.0,901.214,922.11633
2023-05-25 16:40:00,9,943.0,961.50275,988.7636
2023-05-25 16:50:00,9,913.0,1086.4296,1057.7886
2023-05-25 17:00:00,9,1128.0,1145.3186,1073.4795
2023-05-25 17:10:00,9,1445.0,1348.1603,1335.5862
2023-05-25 17:20:00,9,1182.0,1642.8062,1721.5848
2023-05-25 17:30:00,9,1847.0,1863.3909,1748.9321
2023-05-25 17:40:00,9,2233.0,2327.7559,2125.3652
2023-05-25 17:50:00,9,1712.0,2064.251,2305.5422
2023-05-25 18:00:00,9,2195.0,2329.3472,2252.5723
2023-05-25 18:10:00,9,2864.0,2537.0059,2195.1042
2023-05-25 18:20:00,9,2023.0,2177.8655,2009.5256
2023-05-25 18:30:00,9,1802.0,1866.5181,1829.9932
2023-05-25 18:40:00,9,1537.0,1773.7396,1670.5115
2023-05-25 18:50:00,9,1414.0,1496.8247,1365.0835
2023-05-25 19:00:00,9,1432.0,1290.0806,1221.9692
2023-05-25 19:10:00,9,1472.0,1231.1445,1200.4573
2023-05-25 19:20:00,9,1317.0,1228.1367,1261.5698
2023-05-25 19:30:00,9,1168.0,1204.682,1260.8752
2023-05-25 19:40:00,9,1217.0,1181.7964,1225.7921
2023-05-25 19:50:00,9,1250.0,1167.0624,1201.0891
2023-05-25 20:00:00,9,1449.0,1165.6191,1200.0874
2023-05-25 20:10:00,9,1413.0,1223.7158,1260.3173
2023-05-25 20:20:00,9,1259.0,1306.0747,1309.843
2023-05-25 20:30:00,9,1328.0,1293.6423,1293.0873
2023-05-25 20:40:00,9,1323.0,1294.0883,1283.1981
2023-05-25 20:50:00,9,1203.0,1299.6921,1281.49
2023-05-25 21:00:00,9,1320.0,1242.7048,1203.3815
2023-05-25 21:10:00,9,1372.0,1249.6106,1239.008
2023-05-25 21:20:00,9,1169.0,1270.6002,1288.5491
2023-05-25 21:30:00,9,1191.0,1143.2408,1188.2307
2023-05-25 21:40:00,9,981.0,1051.2454,1158.4192
2023-05-25 21:50:00,9,826.0,900.96106,1005.6079
2023-05-25 22:00:00,9,1303.0,705.8911,769.5351
2023-05-25 22:10:00,9,1320.0,748.7886,827.5178
2023-05-25 22:20:00,9,651.0,768.2606,863.7758
2023-05-25 22:30:00,9,425.0,518.06323,557.5641
2023-05-25 22:40:00,9,267.0,331.34723,347.65686
2023-05-25 22:50:00,9,176.0,202.68011,217.60132
2023-05-25 23:00:00,9,190.99994,114.87189,133.80396
2023-05-26 08:00:00,9,253.0,296.95703,325.8109
2023-05-26 08:10:00,9,273.0,294.2124,344.76312
2023-05-26 08:20:00,9,273.0,329.60754,295.48798
2023-05-26 08:30:00,9,241.0,278.87775,236.80676
2023-05-26 08:40:00,9,262.0,213.14972,227.99823
2023-05-26 08:50:00,9,280.0,208.67297,251.315
2023-05-26 09:00:00,9,235.0,260.3955,304.44836
2023-05-26 09:10:00,9,333.0,280.56866,309.38757
2023-05-26 09:20:00,9,298.0,286.95508,298.7046
2023-05-26 09:30:00,9,302.0,288.1272,281.51752
2023-05-26 09:40:00,9,277.0,281.9013,283.93542
2023-05-26 09:50:00,9,291.0,275.79468,287.05463
2023-05-26 10:00:00,9,330.0,280.99475,301.0918
2023-05-26 10:10:00,9,307.0,285.61884,327.32812
2023-05-26 10:20:00,9,340.0,291.51318,341.28137
2023-05-26 10:30:00,9,303.0,322.65887,359.28687
2023-05-26 10:40:00,9,323.0,351.2245,361.78412
2023-05-26 10:50:00,9,332.0,372.48798,370.56628
2023-05-26 11:00:00,9,391.0,391.4201,352.5177
2023-05-26 11:10:00,9,395.0,421.46234,363.9486
2023-05-26 11:20:00,9,404.0,458.5074,413.15015
2023-05-26 11:30:00,9,454.0,490.69745,440.6753
2023-05-26 11:40:00,9,470.00003,523.55457,447.32623
2023-05-26 11:50:00,9,547.0,551.694,474.3714
2023-05-26 12:00:00,9,563.0,582.2818,505.62418
2023-05-26 12:10:00,9,634.0,619.07434,541.0045
2023-05-26 12:20:00,9,669.0,667.8733,603.6533
2023-05-26 12:30:00,9,623.0,710.4124,654.208
2023-05-26 12:40:00,9,719.0,722.3216,679.00385
2023-05-26 12:50:00,9,759.0,738.23267,710.00836
2023-05-26 13:00:00,9,790.0,744.96277,720.656
2023-05-26 13:10:00,9,740.0,763.88806,750.909
2023-05-26 13:20:00,9,797.0,777.6429,780.43506
2023-05-26 13:30:00,9,874.0,792.75726,803.1989
2023-05-26 13:40:00,9,948.0,819.6549,864.102
2023-05-26 13:50:00,9,787.0,860.1427,910.36694
2023-05-26 14:00:00,9,815.0,835.4457,843.53253
2023-05-26 14:10:00,9,913.0,828.7553,822.7245
2023-05-26 14:20:00,9,792.0,849.4005,856.0526
2023-05-26 14:30:00,9,788.0,833.9682,831.1327
2023-05-26 14:40:00,9,855.0,832.60895,824.9438
2023-05-26 14:50:00,9,764.0,849.96545,855.9976
2023-05-26 15:00:00,9,882.0,850.49164,860.9974
2023-05-26 15:10:00,9,846.0,875.4928,894.7152
2023-05-26 15:20:00,9,821.0,895.8187,918.6142
2023-05-26 15:30:00,9,863.0,923.5035,901.4745
2023-05-26 15:40:00,9,935.0,928.9027,903.12146
2023-05-26 15:50:00,9,865.0,967.2616,931.35876
2023-05-26 16:00:00,9,950.0,954.96704,939.63855
2023-05-26 16:10:00,9,989.0,966.4248,994.0963
2023-05-26 16:20:00,9,936.0,1012.75244,1079.9885
2023-05-23 08:00:00,44,505.0,869.88116,932.2286
2023-05-23 08:10:00,44,1193.0,869.36145,922.49774
2023-05-23 08:20:00,44,744.0,1030.6853,1118.7727
2023-05-23 08:30:00,44,1113.0,1030.8079,1020.51935
2023-05-23 08:40:00,44,943.0,1015.2228,1048.1302
2023-05-23 08:50:00,44,1194.0,951.0354,978.5891
2023-05-23 09:00:00,44,869.0,924.6318,933.8103
2023-05-23 09:10:00,44,698.0,894.1023,842.08795
2023-05-23 09:20:00,44,735.0,854.12164,782.71136
2023-05-23 09:30:00,44,656.0,838.4711,772.47845
2023-05-23 09:40:00,44,1073.0,801.82227,742.5326
2023-05-23 09:50:00,44,896.0,826.0808,796.3414
2023-05-23 10:00:00,44,905.0,816.2391,816.8133
2023-05-23 10:10:00,44,613.0,820.36316,833.3152
2023-05-23 10:20:00,44,764.0,768.52765,781.96423
2023-05-23 10:30:00,44,872.0,735.8395,748.8168
2023-05-23 10:40:00,44,902.0,751.3152,757.52435
2023-05-23 10:50:00,44,599.0,782.22943,802.4984
2023-05-23 11:00:00,44,572.0,749.16266,744.9252
2023-05-23 11:10:00,44,993.0,711.92834,698.58826
2023-05-23 11:20:00,44,866.0,754.9427,750.64087
2023-05-23 11:30:00,44,696.0,779.152,786.48785
2023-05-23 11:40:00,44,930.0,752.4303,762.77576
2023-05-23 11:50:00,44,761.0,794.5609,805.66284
2023-05-23 12:00:00,44,578.0,785.78735,801.76544
2023-05-23 12:10:00,44,827.0,744.69727,740.21027
2023-05-23 12:20:00,44,771.0,761.0235,765.4663
2023-05-23 12:30:00,44,601.0,759.72424,765.1339
2023-05-23 12:40:00,44,787.0,726.53174,721.4523
2023-05-23 12:50:00,44,537.0,736.09296,748.6244
2023-05-23 13:00:00,44,582.0,698.0899,695.2406
2023-05-23 13:10:00,44,827.0,683.87634,679.97876
2023-05-23 13:20:00,44,867.0,723.0359,749.99884
2023-05-23 13:30:00,44,969.0,758.6322,786.3209
2023-05-23 13:40:00,44,713.0,803.6246,828.36206
2023-05-23 13:50:00,44,686.0,781.2135,821.04083
2023-05-23 14:00:00,44,660.0,766.8271,798.53687
2023-05-23 14:10:00,44,870.0,747.36804,778.1443
2023-05-23 14:20:00,44,621.0,770.1843,803.62964
2023-05-23 14:30:00,44,781.0,744.5985,772.54504
2023-05-23 14:40:00,44,586.0,756.6531,784.84406
2023-05-23 14:50:00,44,912.0,737.488,769.22986
2023-05-23 15:00:00,44,1014.0,770.7323,804.0979
2023-05-23 15:10:00,44,939.0,824.9686,833.46826
2023-05-23 15:20:00,44,699.0,870.80566,875.0192
2023-05-23 15:30:00,44,741.0,835.4656,847.0119
2023-05-23 15:40:00,44,780.0,837.90283,840.48364
2023-05-23 15:50:00,44,902.0,837.1362,838.88007
2023-05-23 16:00:00,44,734.0,855.80164,864.1898
2023-05-23 16:10:00,44,847.0,830.6634,859.0881
2023-05-23 16:20:00,44,656.0,858.93335,885.3191
2023-05-23 16:30:00,44,749.0,821.47473,866.989
2023-05-23 16:40:00,44,848.0,854.61743,850.0285
2023-05-23 16:50:00,44,612.0,914.021,864.8385
2023-05-23 17:00:00,44,1056.0,854.2268,800.0419
2023-05-23 17:10:00,44,1184.0,1041.0767,1025.6812
2023-05-23 17:20:00,44,1230.0,1238.4365,1219.3162
2023-05-23 17:30:00,44,1130.0,1612.0378,1361.4604
2023-05-23 17:40:00,44,1815.0,1594.1906,1401.1898
2023-05-23 17:50:00,44,1415.0,1537.0042,1663.436
2023-05-23 18:00:00,44,1342.0,1743.5513,1639.0391
2023-05-23 18:10:00,44,2015.0,1759.9797,1473.0385
2023-05-23 18:20:00,44,1284.0,1647.7662,1467.6758
2023-05-23 18:30:00,44,1613.0,1239.7032,1240.9976
2023-05-23 18:40:00,44,1444.0,1280.7998,1229.1553
2023-05-23 18:50:00,44,973.0,1166.3392,1153.1433
2023-05-23 19:00:00,44,885.0,964.38684,975.9356
2023-05-23 19:10:00,44,1123.0,879.3105,888.092
2023-05-23 19:20:00,44,741.0,902.1567,919.1808
2023-05-23 19:30:00,44,740.0,824.7395,845.07465
2023-05-23 19:40:00,44,590.0,790.5521,801.1791
2023-05-23 19:50:00,44,607.0,722.4712,718.2323
2023-05-23 20:00:00,44,763.0,680.5028,680.03107
2023-05-23 20:10:00,44,878.0,680.857,669.4378
2023-05-23 20:20:00,44,916.0,706.3068,696.1982
2023-05-23 20:30:00,44,629.0,743.29755,748.0487
2023-05-23 20:40:00,44,799.0,692.40576,715.16864
2023-05-23 20:50:00,44,576.0,706.21796,718.5183
2023-05-23 21:00:00,44,611.0,644.8998,626.6627
2023-05-23 21:10:00,44,486.0,614.62787,595.27966
2023-05-23 21:20:00,44,573.0,548.2162,536.7268
2023-05-23 21:30:00,44,420.0,532.5458,515.4262
2023-05-23 21:40:00,44,513.0,457.0703,432.41168
2023-05-23 21:50:00,44,541.0,434.49554,410.85492
2023-05-23 22:00:00,44,379.00006,420.19183,416.79822
2023-05-23 22:10:00,44,285.0,357.4992,366.06012
2023-05-23 22:20:00,44,270.0,295.14142,313.51758
2023-05-23 22:30:00,44,81.0,257.68774,266.6211
2023-05-23 22:40:00,44,346.0,166.08887,180.74432
2023-05-23 22:50:00,44,217.0,184.17078,201.93005
2023-05-23 23:00:00,44,141.0,191.45825,204.61761
2023-05-24 08:00:00,44,506.0,791.1188,891.2119
2023-05-24 08:10:00,44,1050.0,823.81323,910.98724
2023-05-24 08:20:00,44,769.0,965.7573,1087.4535
2023-05-24 08:30:00,44,1038.0,1026.8513,1025.6218
2023-05-24 08:40:00,44,772.0,1022.43335,1025.1683
2023-05-24 08:50:00,44,1040.0,917.1058,940.835
2023-05-24 09:00:00,44,880.0,874.57605,900.2379
2023-05-24 09:10:00,44,703.0,845.7238,815.30554
2023-05-24 09:20:00,44,664.0,815.1221,762.2395
2023-05-24 09:30:00,44,648.0,795.4794,733.7921
2023-05-24 09:40:00,44,931.0,774.41736,708.55414
2023-05-24 09:50:00,44,827.0,774.84265,740.8805
2023-05-24 10:00:00,44,723.0,748.87256,757.79877
2023-05-24 10:10:00,44,551.0,719.905,745.93115
2023-05-24 10:20:00,44,796.0,675.7208,699.5279
2023-05-24 10:30:00,44,863.0,676.5586,693.3646
2023-05-24 10:40:00,44,929.0,704.6763,723.421
2023-05-24 10:50:00,44,595.0,753.2275,781.0124
2023-05-24 11:00:00,44,548.0,727.9294,736.9001
2023-05-24 11:10:00,44,897.0,692.7932,683.4822
2023-05-24 11:20:00,44,720.0,729.5531,726.21875
2023-05-24 11:30:00,44,737.0,725.4868,727.14154
2023-05-24 11:40:00,44,896.0,727.37463,738.0236
2023-05-24 11:50:00,44,778.0,766.70374,784.9745
2023-05-24 12:00:00,44,533.0,768.84674,797.0498
2023-05-24 12:10:00,44,915.0,722.8117,710.5606
2023-05-24 12:20:00,44,785.0,759.98016,765.1022
2023-05-24 12:30:00,44,662.0,763.03687,765.95044
2023-05-24 12:40:00,44,826.0,743.7044,732.5963
2023-05-24 12:50:00,44,533.0,756.9798,767.91425
2023-05-24 13:00:00,44,600.0,720.5815,739.87036
2023-05-24 13:10:00,44,896.0,708.25037,725.7531
2023-05-24 13:20:00,44,808.0,754.2111,790.3224
2023-05-24 13:30:00,44,1018.0,773.5852,809.6357
2023-05-24 13:40:00,44,768.0,821.5091,850.4052
2023-05-24 13:50:00,44,611.0,800.3685,836.51483
2023-05-24 14:00:00,44,716.0,767.03687,805.3323
2023-05-24 14:10:00,44,858.0,755.0626,795.80304
2023-05-24 14:20:00,44,659.0,778.945,826.2063
2023-05-24 14:30:00,44,679.0,762.7147,811.9608
2023-05-24 14:40:00,44,598.0,754.10724,794.25745
2023-05-24 14:50:00,44,947.0,737.7802,773.7378
2023-05-24 15:00:00,44,984.0,778.9292,816.80634
2023-05-24 15:10:00,44,967.0,833.5421,851.3314
2023-05-24 15:20:00,44,697.0,890.57294,888.76263
2023-05-24 15:30:00,44,821.0,846.0962,854.29443
2023-05-24 15:40:00,44,769.0,856.16815,847.614
2023-05-24 15:50:00,44,924.0,846.0626,839.1321
2023-05-24 16:00:00,44,753.0,870.6665,869.5212
2023-05-24 16:10:00,44,794.0,849.53235,857.3179
2023-05-24 16:20:00,44,654.0,874.1448,870.0495
2023-05-24 16:30:00,44,789.0,829.6526,832.61566
2023-05-24 16:40:00,44,1026.0,864.39874,850.60736
2023-05-24 16:50:00,44,691.0,1002.2645,961.72546
2023-05-24 17:00:00,44,1151.0,941.57654,882.1973
2023-05-24 17:10:00,44,1148.0,1218.3286,1160.783
2023-05-24 17:20:00,44,1173.0,1342.6832,1328.1179
2023-05-24 17:30:00,44,1240.0,1729.453,1464.0105
2023-05-24 17:40:00,44,1994.0,1756.5925,1517.4218
2023-05-24 17:50:00,44,1513.0,1767.9277,1921.7911
2023-05-24 18:00:00,44,1255.0,2074.2449,1892.3203
2023-05-24 18:10:00,44,2130.0,1896.6116,1621.2754
2023-05-24 18:20:00,44,1447.0,1725.2251,1583.8783
2023-05-24 18:30:00,44,1509.0,1371.4832,1327.0964
2023-05-24 18:40:00,44,1510.0,1309.7516,1241.8943
2023-05-24 18:50:00,44,1028.0,1230.9092,1170.01
2023-05-24 19:00:00,44,1052.0,989.5215,998.34424
2023-05-24 19:10:00,44,1238.0,924.539,947.5638
2023-05-24 19:20:00,44,739.0,963.364,968.42395
2023-05-24 19:30:00,44,792.0,866.2623,874.77673
2023-05-24 19:40:00,44,583.0,825.3239,842.21857
2023-05-24 19:50:00,44,590.0,742.33704,744.6125
2023-05-24 20:00:00,44,792.0,690.25366,689.6921
2023-05-24 20:10:00,44,932.0,691.3297,674.75806
2023-05-24 20:20:00,44,958.0,726.30084,697.17834
2023-05-24 20:30:00,44,708.0,762.74164,752.9858
2023-05-24 20:40:00,44,746.0,723.77673,741.17914
2023-05-24 20:50:00,44,482.0,709.223,733.5888
2023-05-24 21:00:00,44,676.0,613.655,616.65405
2023-05-24 21:10:00,44,553.0,594.9642,599.45764
2023-05-24 21:20:00,44,580.0,553.4173,568.6773
2023-05-24 21:30:00,44,552.0,533.99817,535.85394
2023-05-24 21:40:00,44,390.0,503.0271,517.0973
2023-05-24 21:50:00,44,617.0,412.26007,415.57715
2023-05-24 22:00:00,44,403.0,416.79993,431.8709
2023-05-24 22:10:00,44,314.0,360.823,383.44763
2023-05-24 22:20:00,44,310.0,304.6585,325.87616
2023-05-24 22:30:00,44,143.0,279.6842,292.80603
2023-05-24 22:40:00,44,344.0,202.15338,216.41406
2023-05-24 22:50:00,44,207.0,213.02997,230.58667
2023-05-24 23:00:00,44,127.0,203.05371,215.14587
2023-05-25 08:00:00,44,543.0,870.0246,928.8843
2023-05-25 08:10:00,44,1136.0,895.75055,945.25336
2023-05-25 08:20:00,44,811.0,1045.2386,1118.9165
2023-05-25 08:30:00,44,1024.0,1052.2522,1040.185
2023-05-25 08:40:00,44,830.0,1010.95374,1023.15686
2023-05-25 08:50:00,44,1003.0,918.37933,955.529
2023-05-25 09:00:00,44,870.0,875.1661,891.9334
2023-05-25 09:10:00,44,709.0,856.8613,816.3914
2023-05-25 09:20:00,44,597.0,829.00256,768.1006
2023-05-25 09:30:00,44,731.0,794.11,724.65576
2023-05-25 09:40:00,44,936.0,784.881,722.1257
2023-05-25 09:50:00,44,816.0,793.3814,759.13074
2023-05-25 10:00:00,44,850.0,760.3697,765.04
2023-05-25 10:10:00,44,628.0,758.8778,778.4539
2023-05-25 10:20:00,44,801.0,723.19617,742.3024
2023-05-25 10:30:00,44,938.0,716.1951,729.85175
2023-05-25 10:40:00,44,907.0,744.28204,763.46313
2023-05-25 10:50:00,44,559.0,784.1687,818.9241
2023-05-25 11:00:00,44,598.0,735.9248,724.41223
2023-05-25 11:10:00,44,929.0,709.99945,694.7911
2023-05-25 11:20:00,44,758.0,751.0631,746.48315
2023-05-25 11:30:00,44,701.0,747.8549,752.6725
2023-05-25 11:40:00,44,853.0,733.0321,744.3426
2023-05-25 11:50:00,44,741.0,756.81445,778.5024
2023-05-25 12:00:00,44,675.0,757.57654,786.89746
2023-05-25 12:10:00,44,935.0,750.4535,762.63086
2023-05-25 12:20:00,44,773.0,784.41986,795.649
2023-05-25 12:30:00,44,721.0,775.65045,787.10535
2023-05-25 12:40:00,44,785.0,760.94073,764.06946
2023-05-25 12:50:00,44,608.0,756.2641,776.40564
2023-05-25 13:00:00,44,541.0,726.373,751.4975
2023-05-25 13:10:00,44,947.0,695.307,709.1211
2023-05-25 13:20:00,44,869.0,754.0993,798.87964
2023-05-25 13:30:00,44,904.0,788.0859,825.3301
2023-05-25 13:40:00,44,925.0,818.0915,852.1587
2023-05-25 13:50:00,44,692.0,852.6555,886.74225
2023-05-25 14:00:00,44,700.0,810.3267,856.67444
2023-05-25 14:10:00,44,759.0,793.4225,819.24664
2023-05-25 14:20:00,44,612.0,795.92725,830.3168
2023-05-25 14:30:00,44,831.0,772.57153,800.8024
2023-05-25 14:40:00,44,727.0,786.41296,813.25757
2023-05-25 14:50:00,44,1045.0,786.556,815.9093
2023-05-25 15:00:00,44,1078.0,841.22424,868.6997
2023-05-25 15:10:00,44,873.0,913.48425,912.88306
2023-05-25 15:20:00,44,760.0,915.56244,902.6813
2023-05-25 15:30:00,44,693.0,882.77155,874.7752
2023-05-25 15:40:00,44,1033.0,853.30927,862.0283
2023-05-25 15:50:00,44,1024.0,906.7081,910.6141
2023-05-25 16:00:00,44,892.0,959.4098,954.1149
2023-05-25 16:10:00,44,862.0,957.1632,967.0653
2023-05-25 16:20:00,44,735.0,957.132,967.8852
2023-05-25 16:30:00,44,893.0,901.80316,934.93866
2023-05-25 16:40:00,44,933.0,954.91144,1002.3358
2023-05-25 16:50:00,44,736.0,1030.5184,1048.9193
2023-05-25 17:00:00,44,1141.0,985.32214,981.1594
2023-05-25 17:10:00,44,1327.0,1192.5629,1181.1279
2023-05-25 17:20:00,44,1276.0,1403.3317,1424.4231
2023-05-25 17:30:00,44,1281.0,1761.6357,1556.7468
2023-05-25 17:40:00,44,2054.0,1809.0034,1621.384
2023-05-25 17:50:00,44,1515.0,1812.6846,2021.5435
2023-05-25 18:00:00,44,1272.0,1984.6548,1975.29
2023-05-25 18:10:00,44,2099.0,1886.7739,1648.6575
2023-05-25 18:20:00,44,1532.0,1700.7424,1626.5063
2023-05-25 18:30:00,44,1769.0,1423.6533,1360.1759
2023-05-25 18:40:00,44,1513.0,1465.9852,1328.3424
2023-05-25 18:50:00,44,1074.0,1348.2322,1202.9858
2023-05-25 19:00:00,44,1018.0,1057.6556,1032.131
2023-05-25 19:10:00,44,1266.0,968.18414,964.399
2023-05-25 19:20:00,44,678.0,1000.4323,1003.93945
2023-05-25 19:30:00,44,854.0,872.2018,884.551
2023-05-25 19:40:00,44,798.0,849.4867,855.39813
2023-05-25 19:50:00,44,809.0,819.5729,815.64233
2023-05-25 20:00:00,44,817.0,800.7925,804.86707
2023-05-25 20:10:00,44,1058.0,796.54565,793.03925
2023-05-25 20:20:00,44,871.0,844.7012,827.8789
2023-05-25 20:30:00,44,856.0,840.03107,835.8215
2023-05-25 20:40:00,44,808.0,826.8815,834.34937
2023-05-25 20:50:00,44,668.0,815.5828,816.166
2023-05-25 21:00:00,44,645.0,751.0426,728.4398
2023-05-25 21:10:00,44,568.0,701.93164,677.33057
2023-05-25 21:20:00,44,629.0,647.7122,616.51074
2023-05-25 21:30:00,44,516.0,619.3413,580.44446
2023-05-25 21:40:00,44,733.0,536.63837,516.47107
2023-05-25 21:50:00,44,775.0,536.62695,534.0523
2023-05-25 22:00:00,44,481.00003,534.8983,574.8646
2023-05-25 22:10:00,44,300.00006,446.23434,487.01807
2023-05-25 22:20:00,44,395.0,335.1955,361.94897
2023-05-25 22:30:00,44,102.00006,312.0968,335.28125
2023-05-25 22:40:00,44,381.0,192.16077,209.52686
2023-05-25 22:50:00,44,194.0,201.24756,225.89899
2023-05-25 23:00:00,44,177.0,191.22565,212.03253
2023-05-26 08:00:00,44,532.0,845.1055,925.48615
2023-05-26 08:10:00,44,999.0,879.1432,932.1985
2023-05-26 08:20:00,44,819.0,991.2013,1073.3597
2023-05-26 08:30:00,44,1003.0,1004.7533,994.9194
2023-05-26 08:40:00,44,786.0,988.1205,1021.56555
2023-05-26 08:50:00,44,966.0,901.6084,946.8236
2023-05-26 09:00:00,44,803.0,846.11884,884.8223
2023-05-26 09:10:00,44,638.0,835.34106,803.42676
2023-05-26 09:20:00,44,848.0,796.10657,734.6267
2023-05-26 09:30:00,44,747.0,813.38007,763.49744
2023-05-26 09:40:00,44,815.0,814.81836,760.30206
2023-05-26 09:50:00,44,786.0,806.17163,770.93396
2023-05-26 10:00:00,44,703.0,767.7208,768.1609
2023-05-26 10:10:00,44,718.0,717.83075,738.1021
2023-05-26 10:20:00,44,873.0,708.2528,730.23975
2023-05-26 10:30:00,44,936.0,726.43677,745.0699
2023-05-26 10:40:00,44,970.0,763.38367,786.48895
2023-05-26 10:50:00,44,656.0,841.4606,883.4617
2023-05-26 11:00:00,44,605.0,803.2185,810.2023
2023-05-26 11:10:00,44,1041.0,757.0995,757.25476
2023-05-26 11:20:00,44,747.0,806.77,804.13947
2023-05-26 11:30:00,44,772.0,788.28015,780.1637
2023-05-26 11:40:00,44,951.0,785.7208,786.87524
2023-05-26 11:50:00,44,912.0,824.36096,854.3807
2023-05-26 12:00:00,44,617.0,850.8267,895.1606
2023-05-26 12:10:00,44,969.0,804.43604,845.0592
2023-05-26 12:20:00,44,942.0,847.8433,880.783
2023-05-26 12:30:00,44,973.0,879.27783,906.79346
2023-05-26 12:40:00,44,1062.0,921.7564,944.1268
2023-05-26 12:50:00,44,622.0,966.0757,973.3961
2023-05-26 13:00:00,44,629.0,894.03845,911.9961
2023-05-26 13:10:00,44,971.0,863.20135,857.14417
2023-05-26 13:20:00,44,983.0,915.54565,921.5186
2023-05-26 13:30:00,44,1216.0,952.68555,955.1906
2023-05-26 13:40:00,44,1280.0,1031.6373,1030.0332
2023-05-26 13:50:00,44,943.0,1142.9365,1110.1051
2023-05-26 14:00:00,44,1058.0,1095.5293,1068.6923
2023-05-26 14:10:00,44,956.0,1095.8118,1067.9553
2023-05-26 14:20:00,44,858.0,1060.7009,1064.5732
2023-05-26 14:30:00,44,979.0,1011.25916,1016.97504
2023-05-26 14:40:00,44,774.0,1019.9634,1024.3043
2023-05-26 14:50:00,44,1259.0,978.46625,969.5983
2023-05-26 15:00:00,44,1331.0,1066.748,1062.6687
2023-05-26 15:10:00,44,1277.0,1173.0659,1121.9507
2023-05-26 15:20:00,44,1092.0,1254.5844,1183.692
2023-05-26 15:30:00,44,1227.0,1232.3796,1164.0774
2023-05-26 15:40:00,44,1036.0,1288.3708,1211.9166
2023-05-26 15:50:00,44,1380.0,1209.612,1161.0919
2023-05-26 16:00:00,44,1248.0,1303.8481,1234.4363
2023-05-26 16:10:00,44,1187.0,1312.8081,1247.0549
2023-05-26 16:20:00,44,1129.0,1323.3901,1265.0458
2023-05-23 08:00:00,14,346.0,513.9204,490.50977
2023-05-23 08:10:00,14,361.0,484.93637,457.26477
2023-05-23 08:20:00,14,222.0,456.5654,439.24472
2023-05-23 08:30:00,14,223.00002,407.94955,383.74683
2023-05-23 08:40:00,14,530.0,367.17093,351.4582
2023-05-23 08:50:00,14,877.0,366.7987,370.59497
2023-05-23 09:00:00,14,434.0,405.7,474.0712
2023-05-23 09:10:00,14,435.0,387.62225,445.0394
2023-05-23 09:20:00,14,318.0,383.96976,427.69925
2023-05-23 09:30:00,14,386.0,368.28677,386.78925
2023-05-23 09:40:00,14,643.0,362.78528,380.39447
2023-05-23 09:50:00,14,310.0,399.31958,429.13544
2023-05-23 10:00:00,14,242.0,377.96985,388.30807
2023-05-23 10:10:00,14,272.0,337.45773,346.36423
2023-05-23 10:20:00,14,320.0,311.55188,318.5302
2023-05-23 10:30:00,14,424.0,298.2445,303.26474
2023-05-23 10:40:00,14,566.0,304.62875,311.3037
2023-05-23 10:50:00,14,697.0,350.3042,356.81763
2023-05-23 11:00:00,14,523.0,424.2773,405.24106
2023-05-23 11:10:00,14,312.0,442.00638,416.6626
2023-05-23 11:20:00,14,137.0,383.9868,353.68246
2023-05-23 11:30:00,14,135.0,316.32678,290.88538
2023-05-23 11:40:00,14,380.0,289.29544,258.32623
2023-05-23 11:50:00,14,324.0,306.20227,294.846
2023-05-23 12:00:00,14,341.0,321.28857,317.48834
2023-05-23 12:10:00,14,557.0,331.50516,320.91647
2023-05-23 12:20:00,14,223.00002,393.18378,409.29303
2023-05-23 12:30:00,14,146.0,366.81573,367.09192
2023-05-23 12:40:00,14,611.0,334.87662,320.3528
2023-05-23 12:50:00,14,399.0,379.33627,405.30948
2023-05-23 13:00:00,14,298.0,383.15952,395.37955
2023-05-23 13:10:00,14,256.0,378.62573,381.48883
2023-05-23 13:20:00,14,409.0,368.74307,376.4572
2023-05-23 13:30:00,14,321.0,381.33362,406.19272
2023-05-23 13:40:00,14,460.0,374.6142,406.50858
2023-05-23 13:50:00,14,513.0,393.64758,428.50543
2023-05-23 14:00:00,14,343.0,420.60825,449.7211
2023-05-23 14:10:00,14,382.0,392.99213,431.3732
2023-05-23 14:20:00,14,548.0,392.38123,429.6974
2023-05-23 14:30:00,14,146.0,418.85046,455.9069
2023-05-23 14:40:00,14,339.0,353.49506,370.82233
2023-05-23 14:50:00,14,157.0,350.66107,372.48706
2023-05-23 15:00:00,14,134.0,327.85773,349.99908
2023-05-23 15:10:00,14,168.0,307.31696,325.68582
2023-05-23 15:20:00,14,97.99997,296.50745,307.94788
2023-05-23 15:30:00,14,344.0,280.3476,283.12817
2023-05-23 15:40:00,14,409.0,300.3009,313.73434
2023-05-23 15:50:00,14,228.0,333.37735,343.48816
2023-05-23 16:00:00,14,137.0,325.1507,340.77805
2023-05-23 16:10:00,14,224.0,314.34055,315.78168
2023-05-23 16:20:00,14,399.0,317.57275,312.4198
2023-05-23 16:30:00,14,428.0,340.90503,347.7953
2023-05-23 16:40:00,14,243.0,379.0185,385.60434
2023-05-23 16:50:00,14,281.0,360.6411,368.27762
2023-05-23 17:00:00,14,244.0,383.28894,363.584
2023-05-23 17:10:00,14,209.99998,401.15662,370.68787
2023-05-23 17:20:00,14,468.0,398.31253,366.3809
2023-05-23 17:30:00,14,675.0,479.32922,445.5803
2023-05-23 17:40:00,14,1064.0,568.69653,529.87085
2023-05-23 17:50:00,14,881.0,650.81445,648.39294
2023-05-23 18:00:00,14,289.0,797.67065,788.006
2023-05-23 18:10:00,14,398.0,574.5753,616.66534
2023-05-23 18:20:00,14,583.0,436.25137,489.32736
2023-05-23 18:30:00,14,254.0,403.35162,462.38782
2023-05-23 18:40:00,14,471.0,306.40192,385.78543
2023-05-23 18:50:00,14,209.0,311.62833,374.66656
2023-05-23 19:00:00,14,119.0,261.83246,296.7666
2023-05-23 19:10:00,14,439.0,199.96645,228.47774
2023-05-23 19:20:00,14,395.0,224.00592,255.06862
2023-05-23 19:30:00,14,433.0,239.70073,274.8055
2023-05-23 19:40:00,14,375.0,272.1795,307.3783
2023-05-23 19:50:00,14,261.0,299.83005,322.0289
2023-05-23 20:00:00,14,109.0,289.11755,306.4074
2023-05-23 20:10:00,14,339.0,235.6071,231.12311
2023-05-23 20:20:00,14,249.0,237.70099,242.61858
2023-05-23 20:30:00,14,198.0,236.61163,250.23782
2023-05-23 20:40:00,14,55.0,220.70297,230.88657
2023-05-23 20:50:00,14,224.0,163.09314,173.08868
2023-05-23 21:00:00,14,114.0,167.38669,171.6943
2023-05-23 21:10:00,14,49.0,140.03018,141.49918
2023-05-23 21:20:00,14,235.0,101.993835,119.554535
2023-05-23 21:30:00,14,146.0,119.41708,140.12567
2023-05-23 21:40:00,14,145.0,109.88458,120.895905
2023-05-23 21:50:00,14,123.0,104.561035,115.056366
2023-05-23 22:00:00,14,62.0,98.70932,108.119965
2023-05-23 22:10:00,14,107.0,72.551025,76.48941
2023-05-23 22:20:00,14,151.0,73.55011,76.74646
2023-05-23 22:30:00,14,138.0,83.79303,88.15604
2023-05-23 22:40:00,14,69.0,89.0506,95.21564
2023-05-23 22:50:00,14,16.0,72.79855,67.66849
2023-05-23 23:00:00,14,112.0,43.077698,43.251312
2023-05-24 08:00:00,14,332.0,486.2309,474.7065
2023-05-24 08:10:00,14,372.0,461.75473,447.90497
2023-05-24 08:20:00,14,416.0,458.92712,447.0061
2023-05-24 08:30:00,14,243.0,435.52234,433.16907
2023-05-24 08:40:00,14,431.0,385.30273,386.98547
2023-05-24 08:50:00,14,752.0,365.8941,387.3594
2023-05-24 09:00:00,14,382.0,396.2948,462.52112
2023-05-24 09:10:00,14,394.0,375.36194,427.8788
2023-05-24 09:20:00,14,436.0,363.99597,406.229
2023-05-24 09:30:00,14,298.0,369.42682,407.86722
2023-05-24 09:40:00,14,309.0,346.45807,363.3484
2023-05-24 09:50:00,14,389.0,332.89987,351.70547
2023-05-24 10:00:00,14,292.0,326.091,355.80994
2023-05-24 10:10:00,14,215.0,311.22687,336.60913
2023-05-24 10:20:00,14,377.0,279.05646,294.06073
2023-05-24 10:30:00,14,408.0,284.3408,300.5807
2023-05-24 10:40:00,14,686.0,292.66986,315.2889
2023-05-24 10:50:00,14,467.0,367.0871,389.42896
2023-05-24 11:00:00,14,368.0,391.95413,390.31424
2023-05-24 11:10:00,14,324.0,369.68887,355.6192
2023-05-24 11:20:00,14,135.0,349.26224,334.39362
2023-05-24 11:30:00,14,72.0,297.03455,267.32104
2023-05-24 11:40:00,14,354.0,265.76736,225.98814
2023-05-24 11:50:00,14,252.0,281.63837,267.72308
2023-05-24 12:00:00,14,362.0,291.1802,264.89185
2023-05-24 12:10:00,14,483.0,313.5431,298.4906
2023-05-24 12:20:00,14,235.0,361.68408,383.18588
2023-05-24 12:30:00,14,149.0,345.6659,348.55917
2023-05-24 12:40:00,14,391.0,318.32413,305.81232
2023-05-24 12:50:00,14,484.0,337.0719,355.92664
2023-05-24 13:00:00,14,363.0,367.88873,390.67914
2023-05-24 13:10:00,14,244.0,375.1753,392.71973
2023-05-24 13:20:00,14,352.0,363.61627,379.60187
2023-05-24 13:30:00,14,329.0,368.2472,394.16425
2023-05-24 13:40:00,14,432.0,365.819,398.84558
2023-05-24 13:50:00,14,427.0,382.63916,419.0034
2023-05-24 14:00:00,14,415.0,396.05334,432.3508
2023-05-24 14:10:00,14,296.0,398.8304,432.10977
2023-05-24 14:20:00,14,391.0,369.62662,404.28537
2023-05-24 14:30:00,14,354.0,371.6334,406.12036
2023-05-24 14:40:00,14,406.0,361.52557,376.50888
2023-05-24 14:50:00,14,198.0,368.1828,384.51138
2023-05-24 15:00:00,14,199.0,330.9086,336.99124
2023-05-24 15:10:00,14,119.0,316.7381,309.44604
2023-05-24 15:20:00,14,107.0,290.4081,275.975
2023-05-24 15:30:00,14,396.0,272.1929,257.48718
2023-05-24 15:40:00,14,372.0,303.66058,313.91382
2023-05-24 15:50:00,14,209.99998,331.53,340.98007
2023-05-24 16:00:00,14,195.0,321.72528,330.97577
2023-05-24 16:10:00,14,150.0,325.42886,322.11798
2023-05-24 16:20:00,14,387.0,319.16653,312.10193
2023-05-24 16:30:00,14,395.0,341.13467,330.86343
2023-05-24 16:40:00,14,144.0,376.806,353.03467
2023-05-24 16:50:00,14,444.0,354.05078,343.23462
2023-05-24 17:00:00,14,201.0,422.94275,385.848
2023-05-24 17:10:00,14,243.0,421.38443,399.8261
2023-05-24 17:20:00,14,446.0,443.2085,417.17776
2023-05-24 17:30:00,14,560.0,534.6912,478.2818
2023-05-24 17:40:00,14,1195.0,584.9734,555.90936
2023-05-24 17:50:00,14,871.0,689.6632,737.49475
2023-05-24 18:00:00,14,402.0,799.4761,827.6285
2023-05-24 18:10:00,14,432.0,619.50903,653.34863
2023-05-24 18:20:00,14,409.0,451.3567,492.82227
2023-05-24 18:30:00,14,340.0,375.4275,433.76065
2023-05-24 18:40:00,14,440.0,320.00247,385.30804
2023-05-24 18:50:00,14,219.0,320.1999,363.25818
2023-05-24 19:00:00,14,128.0,277.27527,302.20105
2023-05-24 19:10:00,14,475.0,215.4753,232.76212
2023-05-24 19:20:00,14,359.0,239.39192,264.26996
2023-05-24 19:30:00,14,443.0,247.2324,277.68793
2023-05-24 19:40:00,14,368.0,276.3026,306.43005
2023-05-24 19:50:00,14,267.0,293.38568,318.1125
2023-05-24 20:00:00,14,83.0,289.63458,302.89505
2023-05-24 20:10:00,14,77.00003,228.83414,218.50743
2023-05-24 20:20:00,14,157.0,176.75565,177.78552
2023-05-24 20:30:00,14,203.00002,166.33102,169.73206
2023-05-24 20:40:00,14,306.0,168.27615,181.09355
2023-05-24 20:50:00,14,316.0,185.98567,212.14568
2023-05-24 21:00:00,14,76.0,200.27335,230.30324
2023-05-24 21:10:00,14,64.00003,141.41647,146.75098
2023-05-24 21:20:00,14,199.0,106.107574,123.36322
2023-05-24 21:30:00,14,108.0,119.711945,141.85388
2023-05-24 21:40:00,14,192.0,109.54083,122.075226
2023-05-24 21:50:00,14,275.0,119.007385,130.89438
2023-05-24 22:00:00,14,113.0,142.96564,154.64932
2023-05-24 22:10:00,14,88.0,108.97,113.60483
2023-05-24 22:20:00,14,122.0,84.80777,90.26813
2023-05-24 22:30:00,14,88.0,82.8764,82.362274
2023-05-24 22:40:00,14,43.0,72.683685,67.659485
2023-05-24 22:50:00,14,37.99997,50.394653,49.288177
2023-05-24 23:00:00,14,81.0,35.686462,41.141785
2023-05-25 08:00:00,14,296.0,511.99347,500.323
2023-05-25 08:10:00,14,249.0,477.25653,454.11533
2023-05-25 08:20:00,14,399.0,440.1468,402.47156
2023-05-25 08:30:00,14,332.0,421.70734,407.95392
2023-05-25 08:40:00,14,425.0,388.7291,390.08624
2023-05-25 08:50:00,14,964.0,372.74725,364.6893
2023-05-25 09:00:00,14,465.0,415.6761,488.63602
2023-05-25 09:10:00,14,510.0,403.5475,447.58978
2023-05-25 09:20:00,14,339.0,404.48935,451.5349
2023-05-25 09:30:00,14,503.0,393.3261,404.80505
2023-05-25 09:40:00,14,320.0,400.17886,429.66595
2023-05-25 09:50:00,14,325.0,372.56497,385.7434
2023-05-25 10:00:00,14,288.0,353.82562,363.01212
2023-05-25 10:10:00,14,258.0,330.93396,342.92532
2023-05-25 10:20:00,14,549.0,298.12177,313.26852
2023-05-25 10:30:00,14,236.99998,327.22382,347.49805
2023-05-25 10:40:00,14,714.0,298.6451,308.58087
2023-05-25 10:50:00,14,766.0,368.54956,381.1006
2023-05-25 11:00:00,14,613.0,451.36383,442.55875
2023-05-25 11:10:00,14,334.0,475.3302,461.63272
2023-05-25 11:20:00,14,128.0,408.67773,380.6508
2023-05-25 11:30:00,14,120.0,331.0052,309.22278
2023-05-25 11:40:00,14,262.0,302.52435,275.56735
2023-05-25 11:50:00,14,342.0,307.03006,293.99863
2023-05-25 12:00:00,14,387.0,320.8694,315.58707
2023-05-25 12:10:00,14,528.0,345.5937,336.75125
2023-05-25 12:20:00,14,286.0,392.2722,398.39865
2023-05-25 12:30:00,14,118.0,375.43402,365.23322
2023-05-25 12:40:00,14,581.0,337.16794,318.62604
2023-05-25 12:50:00,14,586.0,368.60532,391.82663
2023-05-25 13:00:00,14,345.0,412.30203,447.31915
2023-05-25 13:10:00,14,261.0,404.3282,416.63324
2023-05-25 13:20:00,14,368.0,391.05344,407.5561
2023-05-25 13:30:00,14,334.0,398.2529,431.87964
2023-05-25 13:40:00,14,379.0,394.05795,429.11063
2023-05-25 13:50:00,14,428.0,400.16913,440.82547
2023-05-25 14:00:00,14,460.0,415.1466,459.89716
2023-05-25 14:10:00,14,375.0,427.82544,460.47607
2023-05-25 14:20:00,14,411.0,419.61298,443.88254
2023-05-25 14:30:00,14,435.0,421.7337,443.6001
2023-05-25 14:40:00,14,405.0,428.56134,436.54126
2023-05-25 14:50:00,14,262.0,423.3953,432.39102
2023-05-25 15:00:00,14,187.0,381.52512,383.95148
2023-05-25 15:10:00,14,117.0,348.36377,335.13467
2023-05-25 15:20:00,14,99.0,312.48813,286.80145
2023-05-25 15:30:00,14,427.0,291.84882,257.94507
2023-05-25 15:40:00,14,390.0,328.79742,337.4799
2023-05-25 15:50:00,14,172.0,360.21466,372.40845
2023-05-25 16:00:00,14,147.0,340.75864,360.92505
2023-05-25 16:10:00,14,246.99998,327.89682,336.3913
2023-05-25 16:20:00,14,477.0,333.50958,338.80408
2023-05-25 16:30:00,14,477.0,368.52798,373.79855
2023-05-25 16:40:00,14,205.0,415.74475,414.38593
2023-05-25 16:50:00,14,409.0,390.65295,396.28876
2023-05-25 17:00:00,14,206.0,454.5317,414.50616
2023-05-25 17:10:00,14,158.0,463.7631,424.2533
2023-05-25 17:20:00,14,454.0,449.13174,415.36316
2023-05-25 17:30:00,14,498.0,533.0481,476.04617
2023-05-25 17:40:00,14,1302.0,598.144,504.34912
2023-05-25 17:50:00,14,992.0,737.9371,669.6047
2023-05-25 18:00:00,14,483.0,801.3439,735.73517
2023-05-25 18:10:00,14,485.0,637.69434,655.0662
2023-05-25 18:20:00,14,428.0,467.612,514.5325
2023-05-25 18:30:00,14,276.0,391.87863,451.88007
2023-05-25 18:40:00,14,503.0,325.03583,391.26904
2023-05-25 18:50:00,14,248.0,341.63214,389.8469
2023-05-25 19:00:00,14,135.0,302.21756,336.46082
2023-05-25 19:10:00,14,474.0,235.1823,262.04956
2023-05-25 19:20:00,14,394.0,255.08618,290.0108
2023-05-25 19:30:00,14,380.0,263.62762,304.17468
2023-05-25 19:40:00,14,409.0,282.06146,317.42133
2023-05-25 19:50:00,14,246.99998,310.55508,329.1107
2023-05-25 20:00:00,14,240.00002,295.01547,308.1805
2023-05-25 20:10:00,14,302.0,279.66736,284.62314
2023-05-25 20:20:00,14,330.0,279.39413,288.60013
2023-05-25 20:30:00,14,225.0,284.3463,298.347
2023-05-25 20:40:00,14,59.0,256.0274,262.91815
2023-05-25 20:50:00,14,272.0,182.33409,183.80013
2023-05-25 21:00:00,14,122.0,187.4398,195.62608
2023-05-25 21:10:00,14,72.0,154.02222,156.75934
2023-05-25 21:20:00,14,177.0,119.689545,138.09259
2023-05-25 21:30:00,14,284.0,123.01254,133.60867
2023-05-25 21:40:00,14,174.0,138.42456,154.45312
2023-05-25 21:50:00,14,296.0,129.24094,145.8115
2023-05-25 22:00:00,14,110.0,152.8494,175.85522
2023-05-25 22:10:00,14,151.0,119.7858,133.2554
2023-05-25 22:20:00,14,138.0,111.97626,127.25998
2023-05-25 22:30:00,14,77.99997,108.979095,117.52811
2023-05-25 22:40:00,14,43.99997,82.195496,82.60617
2023-05-25 22:50:00,14,30.00003,50.74591,50.874695
2023-05-25 23:00:00,14,101.0,27.5253,35.828125
2023-05-26 08:00:00,14,258.0,509.5605,487.79208
2023-05-26 08:10:00,14,241.0,475.55316,445.41187
2023-05-26 08:20:00,14,367.0,439.73083,414.87527
2023-05-26 08:30:00,14,273.0,420.30328,412.58435
2023-05-26 08:40:00,14,392.0,384.986,371.29407
2023-05-26 08:50:00,14,883.0,363.91165,350.81107
2023-05-26 09:00:00,14,486.0,403.7825,457.1725
2023-05-26 09:10:00,14,465.0,394.65213,440.6683
2023-05-26 09:20:00,14,320.0,389.31897,433.99368
2023-05-26 09:30:00,14,441.0,370.2893,387.57086
2023-05-26 09:40:00,14,486.0,373.3786,401.28207
2023-05-26 09:50:00,14,334.0,379.73376,411.972
2023-05-26 10:00:00,14,178.0,363.68918,379.92572
2023-05-26 10:10:00,14,182.0,311.1375,313.27075
2023-05-26 10:20:00,14,466.0,264.3331,275.10394
2023-05-26 10:30:00,14,250.00002,288.13605,304.60477
2023-05-26 10:40:00,14,664.0,275.8993,290.6593
2023-05-26 10:50:00,14,904.0,346.02765,353.42822
2023-05-26 11:00:00,14,491.0,460.9148,424.37082
2023-05-26 11:10:00,14,415.0,446.20087,392.84915
2023-05-26 11:20:00,14,158.0,420.37885,379.11346
2023-05-26 11:30:00,14,115.0,355.81342,337.6788
2023-05-26 11:40:00,14,442.0,329.44965,330.35263
2023-05-26 11:50:00,14,474.0,356.99182,391.90952
2023-05-26 12:00:00,14,343.0,392.51355,441.55234
2023-05-26 12:10:00,14,497.0,407.27466,427.67914
2023-05-26 12:20:00,14,283.0,451.69626,479.45172
2023-05-26 12:30:00,14,168.0,437.56757,448.7588
2023-05-26 12:40:00,14,641.0,415.34473,392.62946
2023-05-26 12:50:00,14,561.0,456.6627,493.54434
2023-05-26 13:00:00,14,348.0,495.75983,521.59845
2023-05-26 13:10:00,14,408.0,485.50262,479.68866
2023-05-26 13:20:00,14,391.0,486.79224,477.23462
2023-05-26 13:30:00,14,521.0,481.07733,488.80798
2023-05-26 13:40:00,14,571.0,504.12277,529.52094
2023-05-26 13:50:00,14,742.0,542.2143,562.67413
2023-05-26 14:00:00,14,487.0,609.53516,620.19025
2023-05-26 14:10:00,14,338.0,581.4462,593.87994
2023-05-26 14:20:00,14,687.0,514.43097,526.1402
2023-05-26 14:30:00,14,208.0,556.08185,585.0583
2023-05-26 14:40:00,14,131.0,490.008,476.31543
2023-05-26 14:50:00,14,719.0,432.494,403.80917
2023-05-26 15:00:00,14,219.99998,491.7468,498.72165
2023-05-26 15:10:00,14,352.0,459.65872,451.76855
2023-05-26 15:20:00,14,505.0,453.0745,437.85013
2023-05-26 15:30:00,14,494.0,479.6779,472.3259
2023-05-26 15:40:00,14,492.0,505.20282,511.0426
2023-05-26 15:50:00,14,421.0,517.3377,518.93713
2023-05-26 16:00:00,14,183.00002,515.5283,515.5263
2023-05-26 16:10:00,14,312.0,472.2306,464.87793
2023-05-26 16:20:00,14,983.0,467.1751,448.3291
2023-05-23 08:00:00,39,188.0,167.79294,168.83722
2023-05-23 08:10:00,39,173.0,157.58899,148.92679
2023-05-23 08:20:00,39,111.0,138.64667,130.4032
2023-05-23 08:30:00,39,104.0,105.9283,102.75688
2023-05-23 08:40:00,39,106.0,95.582184,96.0547
2023-05-23 08:50:00,39,73.0,86.042496,86.258865
2023-05-23 09:00:00,39,84.0,76.28947,75.56114
2023-05-23 09:10:00,39,80.0,67.92023,70.35715
2023-05-23 09:20:00,39,41.0,62.129444,66.81201
2023-05-23 09:30:00,39,63.0,54.718704,57.146046
2023-05-23 09:40:00,39,41.0,52.08631,54.60855
2023-05-23 09:50:00,39,34.0,48.642647,50.821213
2023-05-23 10:00:00,39,52.0,44.55725,45.99234
2023-05-23 10:10:00,39,41.0,44.548363,45.988876
2023-05-23 10:20:00,39,30.0,43.827324,43.797726
2023-05-23 10:30:00,39,43.0,40.65409,39.754326
2023-05-23 10:40:00,39,37.0,39.81315,39.294483
2023-05-23 10:50:00,39,33.0,40.55346,39.9199
2023-05-23 11:00:00,39,25.0,40.8664,37.76457
2023-05-23 11:10:00,39,48.0,39.404984,31.960747
2023-05-23 11:20:00,39,38.0,41.697186,37.81248
2023-05-23 11:30:00,39,58.0,41.675682,37.5857
2023-05-23 11:40:00,39,38.0,45.726673,44.738205
2023-05-23 11:50:00,39,49.0,45.584373,46.02977
2023-05-23 12:00:00,39,61.0,47.80785,47.859474
2023-05-23 12:10:00,39,78.0,51.81627,52.443733
2023-05-23 12:20:00,39,55.0,59.427364,58.572025
2023-05-23 12:30:00,39,53.0,59.462433,59.957268
2023-05-23 12:40:00,39,85.0,58.255527,59.020126
2023-05-23 12:50:00,39,69.0,62.663826,65.31439
2023-05-23 13:00:00,39,69.0,62.44808,67.72261
2023-05-23 13:10:00,39,69.0,62.658592,68.42365
2023-05-23 13:20:00,39,57.0,63.20636,68.01721
2023-05-23 13:30:00,39,55.0,61.79049,66.15746
2023-05-23 13:40:00,39,64.0,60.80143,63.337433
2023-05-23 13:50:00,39,50.0,62.19938,64.4179
2023-05-23 14:00:00,39,58.0,59.903114,61.804367
2023-05-23 14:10:00,39,62.0,57.252014,60.516937
2023-05-23 14:20:00,39,47.0,56.76776,59.783386
2023-05-23 14:30:00,39,54.0,54.530327,57.167484
2023-05-23 14:40:00,39,54.0,54.166862,57.18922
2023-05-23 14:50:00,39,52.0,53.60073,56.432972
2023-05-23 15:00:00,39,61.0,53.333237,55.37434
2023-05-23 15:10:00,39,50.0,54.518692,56.24034
2023-05-23 15:20:00,39,44.0,54.42153,55.775204
2023-05-23 15:30:00,39,67.0,54.633846,55.496445
2023-05-23 15:40:00,39,59.0,57.915413,58.082607
2023-05-23 15:50:00,39,79.0,60.215523,59.21936
2023-05-23 16:00:00,39,94.0,67.33207,63.29035
2023-05-23 16:10:00,39,90.0,80.771614,72.55918
2023-05-23 16:20:00,39,76.0,92.16738,86.47425
2023-05-23 16:30:00,39,71.0,92.69132,87.627914
2023-05-23 16:40:00,39,123.0,90.733154,87.15898
2023-05-23 16:50:00,39,95.0,113.58856,116.85588
2023-05-23 17:00:00,39,155.0,117.7576,115.94647
2023-05-23 17:10:00,39,296.0,143.47552,151.40776
2023-05-23 17:20:00,39,201.0,183.85373,206.04483
2023-05-23 17:30:00,39,154.0,194.7633,211.72787
2023-05-23 17:40:00,39,264.0,184.38141,181.61298
2023-05-23 17:50:00,39,241.0,161.83638,185.16055
2023-05-23 18:00:00,39,122.0,173.26778,169.27948
2023-05-23 18:10:00,39,188.0,140.6576,123.816986
2023-05-23 18:20:00,39,97.0,130.85036,120.21927
2023-05-23 18:30:00,39,109.0,100.86199,95.691734
2023-05-23 18:40:00,39,68.0,82.59517,85.277336
2023-05-23 18:50:00,39,65.0,67.59418,70.099014
2023-05-23 19:00:00,39,78.0,60.378685,61.259727
2023-05-23 19:10:00,39,55.0,58.990486,60.018616
2023-05-23 19:20:00,39,40.0,54.207703,55.5272
2023-05-23 19:30:00,39,42.0,49.241142,49.73199
2023-05-23 19:40:00,39,30.0,47.326942,46.698906
2023-05-23 19:50:00,39,37.0,41.870876,40.105145
2023-05-23 20:00:00,39,28.0,38.777645,36.144844
2023-05-23 20:10:00,39,35.0,35.988537,33.009777
2023-05-23 20:20:00,39,33.0,35.420765,32.22388
2023-05-23 20:30:00,39,39.0,34.430016,31.75798
2023-05-23 20:40:00,39,31.0,34.072815,31.885338
2023-05-23 20:50:00,39,40.0,32.460075,31.258923
2023-05-23 21:00:00,39,33.0,32.295094,32.01539
2023-05-23 21:10:00,39,43.0,30.662567,31.590736
2023-05-23 21:20:00,39,31.0,31.388264,31.746105
2023-05-23 21:30:00,39,25.0,30.391968,29.85468
2023-05-23 21:40:00,39,27.0,26.970081,26.399406
2023-05-23 21:50:00,39,24.0,25.659737,25.713833
2023-05-23 22:00:00,39,23.0,23.886295,23.478039
2023-05-23 22:10:00,39,15.0,21.306957,21.62362
2023-05-23 22:20:00,39,18.999996,16.562057,18.469303
2023-05-23 22:30:00,39,9.0,15.357391,17.565006
2023-05-23 22:40:00,39,17.0,10.107651,13.835255
2023-05-23 22:50:00,39,14.0,10.049797,12.604298
2023-05-23 23:00:00,39,0.0,10.600319,13.836918
2023-05-24 08:00:00,39,197.0,163.37482,164.81174
2023-05-24 08:10:00,39,169.0,159.28241,155.94366
2023-05-24 08:20:00,39,120.0,139.96674,135.0506
2023-05-24 08:30:00,39,118.0,111.56477,107.05927
2023-05-24 08:40:00,39,72.0,96.93172,97.40762
2023-05-24 08:50:00,39,88.0,81.99309,81.19587
2023-05-24 09:00:00,39,67.0,72.93081,72.98743
2023-05-24 09:10:00,39,53.0,64.1982,66.01309
2023-05-24 09:20:00,39,61.0,53.95881,58.89287
2023-05-24 09:30:00,39,39.0,50.927826,55.207428
2023-05-24 09:40:00,39,43.0,44.700188,48.706898
2023-05-24 09:50:00,39,42.0,42.03889,45.99906
2023-05-24 10:00:00,39,39.0,41.05903,44.766006
2023-05-24 10:10:00,39,37.0,39.58663,42.435253
2023-05-24 10:20:00,39,47.0,39.2292,40.799496
2023-05-24 10:30:00,39,34.0,40.49187,41.99662
2023-05-24 10:40:00,39,39.0,40.557636,38.99292
2023-05-24 10:50:00,39,43.0,40.162376,37.198387
2023-05-24 11:00:00,39,42.0,41.261898,40.686295
2023-05-24 11:10:00,39,38.0,42.969757,42.602394
2023-05-24 11:20:00,39,30.0,43.12407,44.213898
2023-05-24 11:30:00,39,69.0,41.852787,40.35909
2023-05-24 11:40:00,39,52.0,47.206467,47.361156
2023-05-24 11:50:00,39,41.0,49.71071,51.14102
2023-05-24 12:00:00,39,82.0,48.62227,50.928497
2023-05-24 12:10:00,39,140.0,57.559174,57.246223
2023-05-24 12:20:00,39,87.0,81.53609,85.56327
2023-05-24 12:30:00,39,57.0,80.08375,82.95543
2023-05-24 12:40:00,39,76.0,69.27907,76.45733
2023-05-24 12:50:00,39,80.0,67.739044,74.05718
2023-05-24 13:00:00,39,86.0,68.01116,77.77062
2023-05-24 13:10:00,39,72.0,70.645226,79.64777
2023-05-24 13:20:00,39,61.0,69.75244,76.13255
2023-05-24 13:30:00,39,51.0,66.79052,74.67113
2023-05-24 13:40:00,39,63.0,61.978737,70.11625
2023-05-24 13:50:00,39,50.0,60.934273,66.919304
2023-05-24 14:00:00,39,46.0,57.827045,63.76963
2023-05-24 14:10:00,39,60.0,55.815056,59.96076
2023-05-24 14:20:00,39,61.0,55.02866,57.016106
2023-05-24 14:30:00,39,62.0,56.208717,57.384796
2023-05-24 14:40:00,39,46.0,56.596436,58.066483
2023-05-24 14:50:00,39,37.0,54.161636,55.596878
2023-05-24 15:00:00,39,41.0,52.823032,50.905533
2023-05-24 15:10:00,39,43.0,53.094166,51.482544
2023-05-24 15:20:00,39,53.0,52.943306,51.16758
2023-05-24 15:30:00,39,53.0,54.4709,53.539665
2023-05-24 15:40:00,39,60.0,55.242153,54.379215
2023-05-24 15:50:00,39,72.0,56.81076,56.571968
2023-05-24 16:00:00,39,78.0,60.79129,61.422882
2023-05-24 16:10:00,39,80.0,72.43005,69.46429
2023-05-24 16:20:00,39,97.0,82.669136,81.46343
2023-05-24 16:30:00,39,93.0,95.20591,97.49376
2023-05-24 16:40:00,39,90.0,105.0464,112.23096
2023-05-24 16:50:00,39,91.0,112.05238,114.77675
2023-05-24 17:00:00,39,172.0,112.19619,110.11336
2023-05-24 17:10:00,39,298.0,140.91815,153.39508
2023-05-24 17:20:00,39,204.0,177.01334,203.92426
2023-05-24 17:30:00,39,151.0,200.7828,223.38983
2023-05-24 17:40:00,39,222.0,185.43906,206.69342
2023-05-24 17:50:00,39,181.0,144.91252,177.23514
2023-05-24 18:00:00,39,145.0,145.84332,140.09534
2023-05-24 18:10:00,39,154.0,135.23216,119.50287
2023-05-24 18:20:00,39,118.0,116.24987,110.04178
2023-05-24 18:30:00,39,112.0,96.2332,95.66315
2023-05-24 18:40:00,39,75.0,82.70843,86.44755
2023-05-24 18:50:00,39,51.0,69.20879,73.743034
2023-05-24 19:00:00,39,59.0,57.6564,60.843643
2023-05-24 19:10:00,39,64.0,52.883286,55.050255
2023-05-24 19:20:00,39,53.0,52.274086,53.129326
2023-05-24 19:30:00,39,50.0,50.51052,50.174896
2023-05-24 19:40:00,39,52.0,49.224495,47.839516
2023-05-24 19:50:00,39,41.0,48.736725,45.986134
2023-05-24 20:00:00,39,32.0,45.263206,43.31959
2023-05-24 20:10:00,39,44.0,41.1831,39.89099
2023-05-24 20:20:00,39,39.0,41.171326,39.52977
2023-05-24 20:30:00,39,48.0,40.546436,38.443096
2023-05-24 20:40:00,39,50.0,40.07246,40.173103
2023-05-24 20:50:00,39,39.0,40.901825,43.636303
2023-05-24 21:00:00,39,39.0,38.733982,40.842163
2023-05-24 21:10:00,39,26.0,36.97515,38.1809
2023-05-24 21:20:00,39,22.0,32.744663,31.480797
2023-05-24 21:30:00,39,48.0,28.908978,26.60913
2023-05-24 21:40:00,39,52.0,30.223362,29.428493
2023-05-24 21:50:00,39,40.0,33.73427,35.05024
2023-05-24 22:00:00,39,18.999996,34.932976,33.83884
2023-05-24 22:10:00,39,22.0,25.967216,25.81062
2023-05-24 22:20:00,39,12.0,22.55455,23.38898
2023-05-24 22:30:00,39,12.999996,16.49282,18.572292
2023-05-24 22:40:00,39,15.999996,12.449196,15.733051
2023-05-24 22:50:00,39,15.0,10.995762,15.112473
2023-05-24 23:00:00,39,1.0,11.033577,14.942276
2023-05-25 08:00:00,39,181.0,179.49445,181.79453
2023-05-25 08:10:00,39,154.0,157.18045,156.16388
2023-05-25 08:20:00,39,132.0,133.49399,125.74982
2023-05-25 08:30:00,39,128.0,107.05849,103.70125
2023-05-25 08:40:00,39,96.0,96.11841,97.14687
2023-05-25 08:50:00,39,82.0,82.77185,85.4111
2023-05-25 09:00:00,39,79.0,76.46786,78.215546
2023-05-25 09:10:00,39,88.0,70.060326,72.09572
2023-05-25 09:20:00,39,72.0,64.41398,68.69728
2023-05-25 09:30:00,39,57.0,62.0355,65.460526
2023-05-25 09:40:00,39,54.0,58.294014,61.167755
2023-05-25 09:50:00,39,54.0,54.89343,57.19615
2023-05-25 10:00:00,39,46.0,53.003513,54.707367
2023-05-25 10:10:00,39,42.0,50.36366,51.861553
2023-05-25 10:20:00,39,41.0,48.317776,48.057083
2023-05-25 10:30:00,39,59.0,46.0052,45.780815
2023-05-25 10:40:00,39,39.0,47.1007,47.910065
2023-05-25 10:50:00,39,47.0,43.929905,43.480614
2023-05-25 11:00:00,39,35.0,44.928192,44.636894
2023-05-25 11:10:00,39,40.0,43.304413,44.709255
2023-05-25 11:20:00,39,44.0,43.619854,45.36853
2023-05-25 11:30:00,39,56.0,44.78958,46.21834
2023-05-25 11:40:00,39,52.0,47.25313,48.88762
2023-05-25 11:50:00,39,49.0,49.077873,51.627037
2023-05-25 12:00:00,39,88.0,50.266502,52.088043
2023-05-25 12:10:00,39,98.0,60.61167,59.870914
2023-05-25 12:20:00,39,92.0,71.30759,69.306694
2023-05-25 12:30:00,39,74.0,78.65497,79.665825
2023-05-25 12:40:00,39,99.0,75.76387,74.622925
2023-05-25 12:50:00,39,86.0,78.94177,81.220505
2023-05-25 13:00:00,39,77.0,79.52334,84.17259
2023-05-25 13:10:00,39,69.0,75.82431,79.03345
2023-05-25 13:20:00,39,56.0,70.6616,73.428665
2023-05-25 13:30:00,39,52.0,64.42652,66.49653
2023-05-25 13:40:00,39,58.0,59.290916,64.199104
2023-05-25 13:50:00,39,66.0,57.604046,64.33597
2023-05-25 14:00:00,39,50.0,57.9599,64.33369
2023-05-25 14:10:00,39,79.0,56.666332,61.103996
2023-05-25 14:20:00,39,66.0,60.051003,63.185738
2023-05-25 14:30:00,39,59.0,60.223587,62.88845
2023-05-25 14:40:00,39,43.0,59.443092,61.137863
2023-05-25 14:50:00,39,69.0,55.91857,55.817444
2023-05-25 15:00:00,39,66.0,57.309467,57.231255
2023-05-25 15:10:00,39,60.0,60.24328,59.89518
2023-05-25 15:20:00,39,48.0,60.405922,59.679817
2023-05-25 15:30:00,39,81.0,59.36617,58.923595
2023-05-25 15:40:00,39,48.0,66.949646,63.69966
2023-05-25 15:50:00,39,60.0,63.29618,62.081436
2023-05-25 16:00:00,39,71.0,63.174084,62.74772
2023-05-25 16:10:00,39,75.0,68.01422,67.079666
2023-05-25 16:20:00,39,80.0,77.47673,75.88197
2023-05-25 16:30:00,39,72.0,83.43787,86.57818
2023-05-25 16:40:00,39,87.0,85.38373,86.91784
2023-05-25 16:50:00,39,134.0,100.308815,95.54802
2023-05-25 17:00:00,39,155.0,126.222946,122.74574
2023-05-25 17:10:00,39,267.0,151.41339,151.68033
2023-05-25 17:20:00,39,242.0,192.2152,196.28806
2023-05-25 17:30:00,39,181.0,219.80435,210.87836
2023-05-25 17:40:00,39,209.0,209.05225,209.67505
2023-05-25 17:50:00,39,202.0,159.75198,194.678
2023-05-25 18:00:00,39,168.0,162.69322,162.10097
2023-05-25 18:10:00,39,172.0,151.74356,133.10938
2023-05-25 18:20:00,39,122.0,129.9459,122.50599
2023-05-25 18:30:00,39,106.0,103.55195,101.182495
2023-05-25 18:40:00,39,82.0,84.30241,89.05937
2023-05-25 18:50:00,39,67.0,69.518295,73.41683
2023-05-25 19:00:00,39,54.0,61.89635,62.9466
2023-05-25 19:10:00,39,61.0,54.657833,55.73013
2023-05-25 19:20:00,39,57.0,52.34678,52.565563
2023-05-25 19:30:00,39,43.0,51.01493,50.21799
2023-05-25 19:40:00,39,47.0,47.523697,46.7687
2023-05-25 19:50:00,39,39.0,46.56685,44.52133
2023-05-25 20:00:00,39,32.0,43.20169,40.854725
2023-05-25 20:10:00,39,46.0,39.408466,37.187496
2023-05-25 20:20:00,39,42.0,40.51077,38.211086
2023-05-25 20:30:00,39,67.0,40.391155,39.963737
2023-05-25 20:40:00,39,33.0,43.85842,44.233364
2023-05-25 20:50:00,39,29.0,40.48226,39.679356
2023-05-25 21:00:00,39,28.0,36.10456,35.195755
2023-05-25 21:10:00,39,40.0,32.1342,30.84822
2023-05-25 21:20:00,39,46.0,32.001488,30.108448
2023-05-25 21:30:00,39,23.0,33.71271,34.438934
2023-05-25 21:40:00,39,33.0,28.498657,28.015434
2023-05-25 21:50:00,39,25.0,28.482216,28.378883
2023-05-25 22:00:00,39,28.0,26.021503,25.720444
2023-05-25 22:10:00,39,20.0,24.605583,25.582294
2023-05-25 22:20:00,39,18.999996,20.594612,22.828953
2023-05-25 22:30:00,39,12.0,19.075237,20.665634
2023-05-25 22:40:00,39,9.0,14.398552,18.591255
2023-05-25 22:50:00,39,15.0,9.843342,15.608677
2023-05-25 23:00:00,39,0.0,9.784515,15.56427
2023-05-26 08:00:00,39,211.0,171.60242,173.9289
2023-05-26 08:10:00,39,172.0,171.51508,169.85193
2023-05-26 08:20:00,39,117.0,143.58057,135.33394
2023-05-26 08:30:00,39,122.0,107.94978,104.91493
2023-05-26 08:40:00,39,107.0,97.19571,99.162674
2023-05-26 08:50:00,39,84.0,85.40223,88.00096
2023-05-26 09:00:00,39,76.0,77.234215,77.95504
2023-05-26 09:10:00,39,72.0,68.20215,71.54645
2023-05-26 09:20:00,39,61.0,60.525875,67.33394
2023-05-26 09:30:00,39,50.0,56.22529,60.420914
2023-05-26 09:40:00,39,41.0,52.62903,54.927612
2023-05-26 09:50:00,39,44.0,47.827255,49.339016
2023-05-26 10:00:00,39,43.0,44.53119,46.349083
2023-05-26 10:10:00,39,41.0,43.00037,44.10765
2023-05-26 10:20:00,39,54.0,42.375946,43.20983
2023-05-26 10:30:00,39,43.0,43.737167,45.687588
2023-05-26 10:40:00,39,31.0,44.180912,45.714466
2023-05-26 10:50:00,39,56.0,42.739525,42.422806
2023-05-26 11:00:00,39,47.0,45.725803,46.76932
2023-05-26 11:10:00,39,53.0,47.135986,48.23455
2023-05-26 11:20:00,39,53.0,48.71422,49.778854
2023-05-26 11:30:00,39,74.0,50.47863,51.340866
2023-05-26 11:40:00,39,92.0,56.669014,55.590736
2023-05-26 11:50:00,39,51.0,66.1681,63.11088
2023-05-26 12:00:00,39,86.0,61.280334,61.900024
2023-05-26 12:10:00,39,103.0,70.89149,68.45901
2023-05-26 12:20:00,39,82.0,82.01721,82.30115
2023-05-26 12:30:00,39,122.0,82.55014,84.877045
2023-05-26 12:40:00,39,119.0,98.04732,97.744
2023-05-26 12:50:00,39,96.0,100.431145,100.38029
2023-05-26 13:00:00,39,100.0,93.99284,98.12234
2023-05-26 13:10:00,39,118.0,91.793304,93.37622
2023-05-26 13:20:00,39,82.0,98.14573,98.51521
2023-05-26 13:30:00,39,85.0,90.19885,93.79347
2023-05-26 13:40:00,39,56.0,86.633385,90.05978
2023-05-26 13:50:00,39,79.0,77.8053,80.23898
2023-05-26 14:00:00,39,66.0,75.31214,80.07887
2023-05-26 14:10:00,39,54.0,69.02345,74.317154
2023-05-26 14:20:00,39,65.0,63.190517,69.18889
2023-05-26 14:30:00,39,65.0,60.955376,63.671833
2023-05-26 14:40:00,39,53.0,60.92917,61.68986
2023-05-26 14:50:00,39,61.0,59.691475,61.500496
2023-05-26 15:00:00,39,73.0,60.972458,61.3762
2023-05-26 15:10:00,39,101.0,65.825264,65.2297
2023-05-26 15:20:00,39,67.0,81.37827,72.5337
2023-05-26 15:30:00,39,71.0,79.638725,72.55024
2023-05-26 15:40:00,39,81.0,79.78568,74.03091
2023-05-26 15:50:00,39,86.0,85.69467,86.114365
2023-05-26 16:00:00,39,123.0,90.338,96.98252
2023-05-26 16:10:00,39,93.0,105.818,117.32472
2023-05-26 16:20:00,39,120.0,112.25197,122.540436
2023-05-23 08:00:00,77,198.0,212.44179,198.65799
2023-05-23 08:10:00,77,158.0,167.65996,150.09593
2023-05-23 08:20:00,77,136.0,126.31552,118.308014
2023-05-23 08:30:00,77,103.0,100.57176,99.82932
2023-05-23 08:40:00,77,95.0,86.46414,87.88039
2023-05-23 08:50:00,77,76.0,73.63803,75.98425
2023-05-23 09:00:00,77,60.0,64.960754,66.31024
2023-05-23 09:10:00,77,47.0,56.750553,57.981457
2023-05-23 09:20:00,77,56.0,47.889053,48.342785
2023-05-23 09:30:00,77,50.0,42.97145,45.107994
2023-05-23 09:40:00,77,35.0,39.552486,43.21842
2023-05-23 09:50:00,77,38.0,36.064426,39.33857
2023-05-23 10:00:00,77,32.0,32.96538,35.61963
2023-05-23 10:10:00,77,24.0,31.243876,31.15551
2023-05-23 10:20:00,77,26.0,28.739697,27.13887
2023-05-23 10:30:00,77,21.0,28.168318,25.496174
2023-05-23 10:40:00,77,28.000002,27.10431,24.692598
2023-05-23 10:50:00,77,31.0,26.917496,23.879982
2023-05-23 11:00:00,77,23.000002,27.731789,25.831022
2023-05-23 11:10:00,77,26.0,26.944784,25.223658
2023-05-23 11:20:00,77,27.0,27.011038,24.201714
2023-05-23 11:30:00,77,31.0,27.639082,27.797462
2023-05-23 11:40:00,77,32.0,28.815119,30.476416
2023-05-23 11:50:00,77,30.0,31.001854,33.14934
2023-05-23 12:00:00,77,28.000002,32.198303,34.403778
2023-05-23 12:10:00,77,44.0,32.91117,34.220257
2023-05-23 12:20:00,77,27.0,37.58387,36.642338
2023-05-23 12:30:00,77,51.0,34.756363,33.631638
2023-05-23 12:40:00,77,35.0,38.426598,36.529312
2023-05-23 12:50:00,77,38.0,36.963722,35.76413
2023-05-23 13:00:00,77,33.0,36.76011,36.50278
2023-05-23 13:10:00,77,30.0,36.087578,36.60721
2023-05-23 13:20:00,77,30.0,34.97026,35.942566
2023-05-23 13:30:00,77,29.0,33.801815,34.94698
2023-05-23 13:40:00,77,39.0,32.650085,33.298782
2023-05-23 13:50:00,77,34.0,33.981117,36.04281
2023-05-23 14:00:00,77,35.0,33.40854,35.776108
2023-05-23 14:10:00,77,30.0,32.82791,35.670326
2023-05-23 14:20:00,77,16.0,31.592299,35.13073
2023-05-23 14:30:00,77,36.0,28.05008,29.623491
2023-05-23 14:40:00,77,29.0,29.568901,30.558033
2023-05-23 14:50:00,77,22.0,30.32042,31.353437
2023-05-23 15:00:00,77,17.0,29.91557,29.013723
2023-05-23 15:10:00,77,26.0,28.86525,29.002869
2023-05-23 15:20:00,77,29.0,29.99375,31.082226
2023-05-23 15:30:00,77,33.0,31.962696,32.417747
2023-05-23 15:40:00,77,30.0,33.999302,34.078667
2023-05-23 15:50:00,77,27.0,34.182064,34.372753
2023-05-23 16:00:00,77,28.000002,33.59378,33.383125
2023-05-23 16:10:00,77,32.0,35.599007,35.686142
2023-05-23 16:20:00,77,24.999998,38.00669,40.74324
2023-05-23 16:30:00,77,24.0,37.85429,39.928715
2023-05-23 16:40:00,77,37.0,37.59691,38.074757
2023-05-23 16:50:00,77,47.0,41.8146,39.232815
2023-05-23 17:00:00,77,37.0,48.348667,43.742386
2023-05-23 17:10:00,77,68.0,47.23721,44.179504
2023-05-23 17:20:00,77,65.0,53.26992,55.55799
2023-05-23 17:30:00,77,57.0,61.802895,61.885666
2023-05-23 17:40:00,77,100.0,61.48465,60.54671
2023-05-23 17:50:00,77,79.0,62.59995,73.67575
2023-05-23 18:00:00,77,62.0,66.746155,73.27324
2023-05-23 18:10:00,77,49.0,66.800804,60.302277
2023-05-23 18:20:00,77,65.0,45.535286,45.529915
2023-05-23 18:30:00,77,34.0,43.953777,41.450867
2023-05-23 18:40:00,77,24.999998,36.761093,35.38964
2023-05-23 18:50:00,77,29.0,29.523354,29.398062
2023-05-23 19:00:00,77,24.0,27.605648,28.092566
2023-05-23 19:10:00,77,26.0,25.210617,24.026634
2023-05-23 19:20:00,77,23.000002,23.066174,25.161484
2023-05-23 19:30:00,77,16.0,23.440493,24.070715
2023-05-23 19:40:00,77,21.0,21.738901,22.100662
2023-05-23 19:50:00,77,24.999998,22.089504,21.678446
2023-05-23 20:00:00,77,21.0,21.59562,21.179298
2023-05-23 20:10:00,77,22.0,21.496449,20.9567
2023-05-23 20:20:00,77,23.000002,21.703863,22.03553
2023-05-23 20:30:00,77,24.999998,21.44887,22.751366
2023-05-23 20:40:00,77,22.0,20.813892,21.064087
2023-05-23 20:50:00,77,14.0,19.683434,20.23426
2023-05-23 21:00:00,77,15.0,18.364353,18.877823
2023-05-23 21:10:00,77,14.0,16.428982,16.881641
2023-05-23 21:20:00,77,18.0,15.19294,14.9478
2023-05-23 21:30:00,77,13.0,14.678432,14.827885
2023-05-23 21:40:00,77,11.0,12.516571,12.517799
2023-05-23 21:50:00,77,16.0,10.173157,10.844017
2023-05-23 22:00:00,77,8.0,10.607208,10.697514
2023-05-23 22:10:00,77,8.0,7.213463,6.468109
2023-05-23 22:20:00,77,5.0,5.7051315,5.5571938
2023-05-23 22:30:00,77,5.0,4.0787354,4.50478
2023-05-23 22:40:00,77,0.0,3.466343,3.1740303
2023-05-23 22:50:00,77,1.0,0.9985695,1.3638802
2023-05-23 23:00:00,77,0.0,0.0,0.4729805
2023-05-24 08:00:00,77,213.0,234.54343,223.63855
2023-05-24 08:10:00,77,163.0,182.90027,166.51158
2023-05-24 08:20:00,77,140.0,136.55884,123.674545
2023-05-24 08:30:00,77,108.0,107.10278,103.09749
2023-05-24 08:40:00,77,87.0,88.127396,87.316154
2023-05-24 08:50:00,77,84.0,74.41474,74.54457
2023-05-24 09:00:00,77,48.0,65.906746,67.19119
2023-05-24 09:10:00,77,47.0,54.07852,54.86516
2023-05-24 09:20:00,77,47.0,45.17276,46.859715
2023-05-24 09:30:00,77,39.0,39.306587,41.549767
2023-05-24 09:40:00,77,44.0,34.76641,39.029926
2023-05-24 09:50:00,77,41.0,33.362335,37.11147
2023-05-24 10:00:00,77,44.0,31.283878,35.973667
2023-05-24 10:10:00,77,34.0,32.241066,35.372795
2023-05-24 10:20:00,77,34.0,32.060734,32.58487
2023-05-24 10:30:00,77,28.000002,32.01107,32.42182
2023-05-24 10:40:00,77,39.0,30.87152,31.789892
2023-05-24 10:50:00,77,24.999998,32.03007,35.450104
2023-05-24 11:00:00,77,20.0,30.227612,34.558823
2023-05-24 11:10:00,77,29.0,28.112268,29.867575
2023-05-24 11:20:00,77,21.0,28.452845,29.613827
2023-05-24 11:30:00,77,31.0,27.290827,27.437819
2023-05-24 11:40:00,77,13.0,28.760477,29.444618
2023-05-24 11:50:00,77,35.0,25.576658,25.823483
2023-05-24 12:00:00,77,36.0,28.274895,29.857065
2023-05-24 12:10:00,77,28.000002,31.78692,32.83165
2023-05-24 12:20:00,77,45.0,32.294975,33.817177
2023-05-24 12:30:00,77,34.0,36.830727,36.886173
2023-05-24 12:40:00,77,39.0,37.021576,36.647568
2023-05-24 12:50:00,77,34.0,37.527786,37.515812
2023-05-24 13:00:00,77,29.0,36.5656,37.469856
2023-05-24 13:10:00,77,44.0,34.767887,36.059364
2023-05-24 13:20:00,77,23.000002,36.589115,37.902733
2023-05-24 13:30:00,77,18.0,33.21962,35.31983
2023-05-24 13:40:00,77,24.0,30.291203,30.027714
2023-05-24 13:50:00,77,26.0,29.118761,28.760881
2023-05-24 14:00:00,77,32.0,29.07067,28.192635
2023-05-24 14:10:00,77,29.0,29.000877,29.164822
2023-05-24 14:20:00,77,24.999998,29.402033,31.547865
2023-05-24 14:30:00,77,17.0,28.639973,31.536139
2023-05-24 14:40:00,77,26.0,27.44249,29.980247
2023-05-24 14:50:00,77,40.0,28.358875,30.99369
2023-05-24 15:00:00,77,35.0,31.307423,33.294052
2023-05-24 15:10:00,77,27.0,33.72764,34.767357
2023-05-24 15:20:00,77,24.0,33.87368,33.31704
2023-05-24 15:30:00,77,27.0,33.7673,33.39579
2023-05-24 15:40:00,77,26.0,34.06697,33.715096
2023-05-24 15:50:00,77,29.0,33.69747,32.89499
2023-05-24 16:00:00,77,26.0,33.791702,33.65083
2023-05-24 16:10:00,77,35.0,35.97204,36.180775
2023-05-24 16:20:00,77,40.0,39.2362,40.303146
2023-05-24 16:30:00,77,31.0,41.45298,42.43714
2023-05-24 16:40:00,77,41.0,39.7853,39.453674
2023-05-24 16:50:00,77,48.0,45.3611,41.449043
2023-05-24 17:00:00,77,46.0,49.81315,44.730057
2023-05-24 17:10:00,77,55.0,51.633118,48.118855
2023-05-24 17:20:00,77,70.0,53.299923,50.183052
2023-05-24 17:30:00,77,63.0,61.203754,55.63802
2023-05-24 17:40:00,77,89.0,62.781372,58.67009
2023-05-24 17:50:00,77,67.0,60.980904,68.14264
2023-05-24 18:00:00,77,71.0,60.367374,67.87753
2023-05-24 18:10:00,77,51.0,65.88135,61.594776
2023-05-24 18:20:00,77,39.0,48.239555,49.560467
2023-05-24 18:30:00,77,26.0,39.17616,36.605766
2023-05-24 18:40:00,77,28.000002,32.296856,30.493414
2023-05-24 18:50:00,77,29.0,28.517076,27.052086
2023-05-24 19:00:00,77,37.0,26.928205,26.161999
2023-05-24 19:10:00,77,21.0,27.962671,26.190214
2023-05-24 19:20:00,77,20.0,23.317087,24.730333
2023-05-24 19:30:00,77,21.0,22.745264,22.179688
2023-05-24 19:40:00,77,36.0,21.211403,20.682976
2023-05-24 19:50:00,77,28.000002,23.89882,24.269773
2023-05-24 20:00:00,77,24.999998,24.059326,24.463665
2023-05-24 20:10:00,77,21.0,24.12227,24.62153
2023-05-24 20:20:00,77,23.000002,23.87987,24.241224
2023-05-24 20:30:00,77,26.0,23.091671,23.877066
2023-05-24 20:40:00,77,21.0,22.116037,22.389034
2023-05-24 20:50:00,77,14.0,20.927883,21.488173
2023-05-24 21:00:00,77,8.0,19.17101,18.42815
2023-05-24 21:10:00,77,20.0,14.967571,13.746864
2023-05-24 21:20:00,77,12.0,14.748859,14.016796
2023-05-24 21:30:00,77,8.0,12.546379,11.480061
2023-05-24 21:40:00,77,5.0,8.678944,8.878002
2023-05-24 21:50:00,77,18.0,5.872265,7.2459908
2023-05-24 22:00:00,77,15.0,7.4603615,7.41481
2023-05-24 22:10:00,77,2.9999962,7.558136,8.6780815
2023-05-24 22:20:00,77,2.0,4.2817116,4.822567
2023-05-24 22:30:00,77,2.9999962,2.9750824,2.5534935
2023-05-24 22:40:00,77,0.0,1.7280617,2.0852509
2023-05-24 22:50:00,77,1.0,0.0,0.029071808
2023-05-24 23:00:00,77,0.0,0.0,0.0
2023-05-25 08:00:00,77,181.0,226.95447,218.91238
2023-05-25 08:10:00,77,149.0,169.9327,151.59926
2023-05-25 08:20:00,77,142.0,123.107056,116.104294
2023-05-25 08:30:00,77,105.0,99.72595,100.50345
2023-05-25 08:40:00,77,75.0,84.416016,85.80647
2023-05-25 08:50:00,77,64.0,70.44246,71.747246
2023-05-25 09:00:00,77,69.0,60.563667,59.295135
2023-05-25 09:10:00,77,52.0,55.155605,55.585003
2023-05-25 09:20:00,77,51.0,48.94104,49.220375
2023-05-25 09:30:00,77,57.0,43.149155,43.580215
2023-05-25 09:40:00,77,33.0,41.283432,42.729206
2023-05-25 09:50:00,77,41.0,36.82818,38.938343
2023-05-25 10:00:00,77,44.0,34.435905,36.48573
2023-05-25 10:10:00,77,35.0,34.53477,35.501778
2023-05-25 10:20:00,77,31.0,34.28531,33.55497
2023-05-25 10:30:00,77,35.0,33.602547,31.39746
2023-05-25 10:40:00,77,45.0,32.89951,33.89956
2023-05-25 10:50:00,77,17.0,33.911472,35.835228
2023-05-25 11:00:00,77,27.0,29.61813,30.950935
2023-05-25 11:10:00,77,32.0,28.564735,28.642036
2023-05-25 11:20:00,77,30.0,29.604288,29.97431
2023-05-25 11:30:00,77,34.0,30.357319,28.846807
2023-05-25 11:40:00,77,19.0,30.926207,30.624174
2023-05-25 11:50:00,77,29.0,28.770243,28.654884
2023-05-25 12:00:00,77,32.0,30.145111,31.728247
2023-05-25 12:10:00,77,42.0,31.640745,32.249123
2023-05-25 12:20:00,77,39.0,36.39525,35.63017
2023-05-25 12:30:00,77,36.0,37.6627,37.74714
2023-05-25 12:40:00,77,39.0,36.997322,36.468773
2023-05-25 12:50:00,77,47.0,36.53184,37.457077
2023-05-25 13:00:00,77,27.0,39.277905,40.7196
2023-05-25 13:10:00,77,33.0,35.415024,36.86287
2023-05-25 13:20:00,77,34.0,34.86122,36.959763
2023-05-25 13:30:00,77,36.0,34.54396,37.584446
2023-05-25 13:40:00,77,27.0,34.171288,36.551743
2023-05-25 13:50:00,77,24.0,32.266937,33.505077
2023-05-25 14:00:00,77,21.0,31.029259,31.880404
2023-05-25 14:10:00,77,19.0,29.49975,29.894596
2023-05-25 14:20:00,77,26.0,28.248055,28.643951
2023-05-25 14:30:00,77,26.0,28.417297,29.595058
2023-05-25 14:40:00,77,22.0,29.062162,30.482386
2023-05-25 14:50:00,77,24.999998,28.803717,31.248247
2023-05-25 15:00:00,77,38.0,29.59089,32.134487
2023-05-25 15:10:00,77,38.0,32.745445,34.895535
2023-05-25 15:20:00,77,37.0,35.7968,37.642097
2023-05-25 15:30:00,77,35.0,38.0113,39.997944
2023-05-25 15:40:00,77,36.0,39.26966,38.705414
2023-05-25 15:50:00,77,27.0,39.254944,41.220623
2023-05-25 16:00:00,77,41.0,38.17077,39.76848
2023-05-25 16:10:00,77,39.0,40.42119,44.443714
2023-05-25 16:20:00,77,37.0,43.04386,45.616158
2023-05-25 16:30:00,77,34.0,43.607662,45.16157
2023-05-25 16:40:00,77,39.0,44.202522,44.57641
2023-05-25 16:50:00,77,45.0,46.077896,41.987354
2023-05-25 17:00:00,77,45.0,49.283283,44.399067
2023-05-25 17:10:00,77,68.0,49.47469,45.550663
2023-05-25 17:20:00,77,58.0,55.624104,55.579422
2023-05-25 17:30:00,77,72.0,61.780796,57.95118
2023-05-25 17:40:00,77,89.0,68.23444,63.15983
2023-05-25 17:50:00,77,65.0,62.62502,71.0003
2023-05-25 18:00:00,77,69.0,61.536697,63.50226
2023-05-25 18:10:00,77,46.0,63.96851,56.766174
2023-05-25 18:20:00,77,45.0,44.43734,44.84733
2023-05-25 18:30:00,77,33.0,39.403465,36.42571
2023-05-25 18:40:00,77,41.0,34.6509,31.630327
2023-05-25 18:50:00,77,33.0,32.843224,32.41477
2023-05-25 19:00:00,77,27.0,30.687088,29.736803
2023-05-25 19:10:00,77,24.0,27.79148,25.896147
2023-05-25 19:20:00,77,26.0,24.09523,25.601414
2023-05-25 19:30:00,77,17.0,24.124994,24.609291
2023-05-25 19:40:00,77,30.0,22.736145,22.457682
2023-05-25 19:50:00,77,21.0,24.504166,23.978802
2023-05-25 20:00:00,77,19.0,23.191555,22.525265
2023-05-25 20:10:00,77,22.0,22.483482,21.591269
2023-05-25 20:20:00,77,27.0,22.732553,22.208199
2023-05-25 20:30:00,77,22.0,22.806313,23.126665
2023-05-25 20:40:00,77,21.0,21.70771,21.256645
2023-05-25 20:50:00,77,24.0,20.962181,20.264744
2023-05-25 21:00:00,77,20.0,20.563778,20.598923
2023-05-25 21:10:00,77,18.0,18.840942,20.49884
2023-05-25 21:20:00,77,19.0,17.899616,18.661835
2023-05-25 21:30:00,77,17.0,17.807262,17.010105
2023-05-25 21:40:00,77,16.0,15.157616,15.592476
2023-05-25 21:50:00,77,21.0,13.838673,14.530045
2023-05-25 22:00:00,77,9.0,14.586231,14.432381
2023-05-25 22:10:00,77,8.0,10.026398,9.59705
2023-05-25 22:20:00,77,7.0,7.017601,6.8549957
2023-05-25 22:30:00,77,4.0,5.952404,5.1287613
2023-05-25 22:40:00,77,1.0,3.6158638,3.3630524
2023-05-25 22:50:00,77,1.0,0.31924438,1.6070633
2023-05-25 23:00:00,77,0.0,0.0,0.0
2023-05-26 08:00:00,77,209.0,219.12892,214.1647
2023-05-26 08:10:00,77,137.0,176.53299,163.86847
2023-05-26 08:20:00,77,145.0,125.44798,115.07529
2023-05-26 08:30:00,77,95.0,102.01387,102.75171
2023-05-26 08:40:00,77,86.0,84.268616,84.34889
2023-05-26 08:50:00,77,78.0,71.24333,73.317
2023-05-26 09:00:00,77,59.0,62.461746,64.56364
2023-05-26 09:10:00,77,54.0,53.77946,55.746136
2023-05-26 09:20:00,77,50.0,47.58882,49.617607
2023-05-26 09:30:00,77,45.0,41.895596,44.995743
2023-05-26 09:40:00,77,36.0,37.963425,41.305824
2023-05-26 09:50:00,77,28.000002,33.553787,37.45488
2023-05-26 10:00:00,77,29.0,30.54002,33.939224
2023-05-26 10:10:00,77,41.0,28.59597,29.826883
2023-05-26 10:20:00,77,37.0,29.950027,29.044933
2023-05-26 10:30:00,77,45.0,31.16914,30.543314
2023-05-26 10:40:00,77,34.0,33.575356,35.27499
2023-05-26 10:50:00,77,41.0,33.757072,36.385452
2023-05-26 11:00:00,77,32.0,34.928192,37.72342
2023-05-26 11:10:00,77,37.0,34.35455,36.539665
2023-05-26 11:20:00,77,26.0,35.267258,36.2976
2023-05-26 11:30:00,77,27.0,32.74211,33.423477
2023-05-26 11:40:00,77,30.0,31.78012,31.067955
2023-05-26 11:50:00,77,39.0,32.830833,33.39856
2023-05-26 12:00:00,77,48.0,35.668022,36.175865
2023-05-26 12:10:00,77,53.0,40.622353,39.459644
2023-05-26 12:20:00,77,45.0,47.65459,42.504696
2023-05-26 12:30:00,77,52.0,48.198944,44.13686
2023-05-26 12:40:00,77,63.0,49.726242,46.136543
2023-05-26 12:50:00,77,43.0,50.898685,50.23191
2023-05-26 13:00:00,77,45.0,45.253555,49.754967
2023-05-26 13:10:00,77,48.0,43.824856,47.623215
2023-05-26 13:20:00,77,60.0,44.583115,46.63646
2023-05-26 13:30:00,77,48.0,47.21229,50.66179
2023-05-26 13:40:00,77,51.0,45.812096,49.268295
2023-05-26 13:50:00,77,40.0,45.579937,49.121983
2023-05-26 14:00:00,77,46.0,42.383583,46.45653
2023-05-26 14:10:00,77,35.0,40.955166,44.861206
2023-05-26 14:20:00,77,61.0,38.055912,42.99334
2023-05-26 14:30:00,77,40.0,41.53134,45.026085
2023-05-26 14:40:00,77,41.0,40.676933,44.00796
2023-05-26 14:50:00,77,34.0,41.818577,42.84404
2023-05-26 15:00:00,77,44.0,40.850754,40.435623
2023-05-26 15:10:00,77,54.0,42.258183,42.571495
2023-05-26 15:20:00,77,43.0,50.001926,51.708244
2023-05-26 15:30:00,77,49.0,50.547142,57.236492
2023-05-26 15:40:00,77,60.0,52.882614,63.120087
2023-05-26 15:50:00,77,64.0,63.578323,71.770744
2023-05-26 16:00:00,77,46.0,65.65513,74.57706
2023-05-26 16:10:00,77,50.0,61.258774,68.075165
2023-05-26 16:20:00,77,63.0,63.487576,62.478477
2023-05-23 08:00:00,152,8.0,13.79402,12.954136
2023-05-23 08:10:00,152,7.0,11.2084465,10.731747
2023-05-23 08:20:00,152,3.0,9.48162,9.3562565
2023-05-23 08:30:00,152,6.0,8.46652,8.41994
2023-05-23 08:40:00,152,8.0,7.7715526,7.6616597
2023-05-23 08:50:00,152,1.0,7.482927,8.18312
2023-05-23 09:00:00,152,7.0,5.7744102,6.63195
2023-05-23 09:10:00,152,9.0,5.385378,6.0935087
2023-05-23 09:20:00,152,4.0,5.820273,6.812977
2023-05-23 09:30:00,152,9.0,5.6278834,6.4932065
2023-05-23 09:40:00,152,1.0,6.1884007,7.1374874
2023-05-23 09:50:00,152,5.0,5.6119957,5.8473015
2023-05-23 10:00:00,152,4.0,5.518572,6.1025953
2023-05-23 10:10:00,152,4.0,5.319069,5.9503665
2023-05-23 10:20:00,152,8.0,5.2548676,6.071904
2023-05-23 10:30:00,152,1.0,5.3212547,6.2777114
2023-05-23 10:40:00,152,3.0,4.874773,5.6918154
2023-05-23 10:50:00,152,5.0,4.955859,5.8489795
2023-05-23 11:00:00,152,5.0,4.889243,5.5482135
2023-05-23 11:10:00,152,4.0,4.9805455,5.028346
2023-05-23 11:20:00,152,5.0,4.9272766,5.0464363
2023-05-23 11:30:00,152,1.0,5.063179,5.5656013
2023-05-23 11:40:00,152,12.0,4.6611223,5.053239
2023-05-23 11:50:00,152,9.0,5.522556,6.159087
2023-05-23 12:00:00,152,10.0,6.2657566,6.489435
2023-05-23 12:10:00,152,6.0,6.962699,6.9396734
2023-05-23 12:20:00,152,10.0,7.064942,6.8605585
2023-05-23 12:30:00,152,4.0,7.394439,7.0636997
2023-05-23 12:40:00,152,3.0,6.750105,7.0241904
2023-05-23 12:50:00,152,4.0,6.2129393,6.647621
2023-05-23 13:00:00,152,11.0,5.979066,6.146662
2023-05-23 13:10:00,152,9.0,6.441654,6.793354
2023-05-23 13:20:00,152,5.0,6.86045,7.2647963
2023-05-23 13:30:00,152,8.0,6.530058,7.058366
2023-05-23 13:40:00,152,3.0,6.6994,7.280152
2023-05-23 13:50:00,152,6.0,6.1042786,6.5780516
2023-05-23 14:00:00,152,9.0,6.0501003,6.694812
2023-05-23 14:10:00,152,6.0,6.3996544,7.389385
2023-05-23 14:20:00,152,4.0,6.5522575,7.853328
2023-05-23 14:30:00,152,2.0,6.2277145,7.2951717
2023-05-23 14:40:00,152,2.0,5.616149,6.045635
2023-05-23 14:50:00,152,8.0,5.4018087,5.7173
2023-05-23 15:00:00,152,6.0,5.9311395,6.25405
2023-05-23 15:10:00,152,6.0,6.1073523,6.525464
2023-05-23 15:20:00,152,6.0,6.445398,6.802335
2023-05-23 15:30:00,152,6.0,6.647855,6.730569
2023-05-23 15:40:00,152,6.0,6.7318115,6.7622056
2023-05-23 15:50:00,152,6.0,6.835674,6.613494
2023-05-23 16:00:00,152,3.0,6.934811,6.4264216
2023-05-23 16:10:00,152,3.0,6.700805,5.886059
2023-05-23 16:20:00,152,4.0,6.2526226,5.666006
2023-05-23 16:30:00,152,8.0,6.1854935,5.7114215
2023-05-23 16:40:00,152,8.0,6.535452,5.954612
2023-05-23 16:50:00,152,3.0,7.069736,6.6264687
2023-05-23 17:00:00,152,6.0,6.64194,6.4479704
2023-05-23 17:10:00,152,4.0,6.4895535,6.3851614
2023-05-23 17:20:00,152,7.0,6.0426903,6.375498
2023-05-23 17:30:00,152,8.0,6.249851,6.965859
2023-05-23 17:40:00,152,11.0,6.605301,7.5078516
2023-05-23 17:50:00,152,5.0,6.447443,8.165444
2023-05-23 18:00:00,152,7.0,6.2391596,7.430724
2023-05-23 18:10:00,152,8.0,5.895445,7.119931
2023-05-23 18:20:00,152,8.0,5.5808744,7.6081223
2023-05-23 18:30:00,152,3.0,5.2445955,7.4497976
2023-05-23 18:40:00,152,2.0,4.1577673,5.732889
2023-05-23 18:50:00,152,4.0,3.50775,4.485263
2023-05-23 19:00:00,152,6.0,3.6122885,3.993229
2023-05-23 19:10:00,152,5.0,3.7880654,4.577233
2023-05-23 19:20:00,152,10.0,3.86936,4.4858828
2023-05-23 19:30:00,152,5.0,4.80068,5.392047
2023-05-23 19:40:00,152,4.0,4.713521,5.1995916
2023-05-23 19:50:00,152,1.0,4.4003406,4.7479634
2023-05-23 20:00:00,152,3.0,3.5726767,3.62438
2023-05-23 20:10:00,152,5.0,3.3758674,3.4904213
2023-05-23 20:20:00,152,3.0,3.4382477,3.691646
2023-05-23 20:30:00,152,13.0,3.416727,3.4208817
2023-05-23 20:40:00,152,7.0,4.362186,4.6449265
2023-05-23 20:50:00,152,10.0,4.830821,5.281984
2023-05-23 21:00:00,152,4.0,5.636194,5.8967657
2023-05-23 21:10:00,152,0.0,5.0257893,4.942068
2023-05-23 21:20:00,152,0.0,3.077839,2.9551253
2023-05-23 21:30:00,152,2.0,1.9851809,2.0989585
2023-05-23 21:40:00,152,2.0,1.8112421,2.3802848
2023-05-23 21:50:00,152,1.0,1.5697842,2.262371
2023-05-23 22:00:00,152,1.0,1.2079663,1.928257
2023-05-23 22:10:00,152,0.0,0.8013139,1.4321876
2023-05-23 22:20:00,152,0.0,0.26059246,0.65871716
2023-05-23 22:30:00,152,0.0,0.0,0.20000648
2023-05-23 22:40:00,152,0.0,0.0,0.024537086
2023-05-23 22:50:00,152,0.0,0.0,0.0
2023-05-23 23:00:00,152,0.0,0.0,0.028776169
2023-05-24 08:00:00,152,8.0,12.529943,11.317603
2023-05-24 08:10:00,152,4.0,10.414625,9.447991
2023-05-24 08:20:00,152,7.0,8.723417,8.327159
2023-05-24 08:30:00,152,2.0,8.255068,7.8550696
2023-05-24 08:40:00,152,3.0,7.282358,6.886154
2023-05-24 08:50:00,152,3.0,6.0973506,6.186761
2023-05-24 09:00:00,152,4.0,4.8334723,4.939431
2023-05-24 09:10:00,152,4.0,4.196435,4.670854
2023-05-24 09:20:00,152,2.0,3.78999,4.7343664
2023-05-24 09:30:00,152,6.0,3.5333242,4.691664
2023-05-24 09:40:00,152,4.0,3.7987628,4.710472
2023-05-24 09:50:00,152,5.0,4.249749,4.860957
2023-05-24 10:00:00,152,3.0,4.643268,5.6574497
2023-05-24 10:10:00,152,7.0,4.5314484,4.9728575
2023-05-24 10:20:00,152,2.0,4.8793707,6.1508226
2023-05-24 10:30:00,152,0.0,4.73901,6.0102377
2023-05-24 10:40:00,152,5.0,4.0432153,5.017815
2023-05-24 10:50:00,152,5.0,4.2910237,5.40421
2023-05-24 11:00:00,152,5.0,4.510687,5.757553
2023-05-24 11:10:00,152,1.0,4.729462,5.361558
2023-05-24 11:20:00,152,1.0,4.47569,4.4331436
2023-05-24 11:30:00,152,5.0,4.2211595,3.8549051
2023-05-24 11:40:00,152,3.0,4.2961392,3.4154167
2023-05-24 11:50:00,152,1.0,4.429092,4.041155
2023-05-24 12:00:00,152,3.0,4.357268,4.4942346
2023-05-24 12:10:00,152,8.0,4.2584376,4.1562686
2023-05-24 12:20:00,152,1.0,4.9872923,5.2554917
2023-05-24 12:30:00,152,4.0,4.7989287,5.072833
2023-05-24 12:40:00,152,5.0,4.91416,4.957163
2023-05-24 12:50:00,152,3.0,5.077818,5.4776273
2023-05-24 13:00:00,152,5.0,5.0580873,5.5678997
2023-05-24 13:10:00,152,13.0,5.1707373,5.5230885
2023-05-24 13:20:00,152,9.0,6.1801662,6.5481396
2023-05-24 13:30:00,152,3.0,6.8481836,7.29792
2023-05-24 13:40:00,152,8.0,6.3244634,6.7429075
2023-05-24 13:50:00,152,13.0,6.5427103,6.8777866
2023-05-24 14:00:00,152,4.0,7.0729914,7.4089327
2023-05-24 14:10:00,152,2.0,6.626723,7.0146017
2023-05-24 14:20:00,152,10.0,6.1160665,6.4560747
2023-05-24 14:30:00,152,6.0,6.54206,7.726828
2023-05-24 14:40:00,152,1.0,6.49928,7.405817
2023-05-24 14:50:00,152,14.0,5.8795567,6.9461236
2023-05-24 15:00:00,152,6.0,6.7089906,7.7838798
2023-05-24 15:10:00,152,4.0,6.9683976,7.384856
2023-05-24 15:20:00,152,0.0,6.639828,6.6820035
2023-05-24 15:30:00,152,4.0,5.9463835,5.5558968
2023-05-24 15:40:00,152,8.0,6.060664,5.9212117
2023-05-24 15:50:00,152,4.0,6.3779225,6.2935476
2023-05-24 16:00:00,152,4.0,6.446497,6.383966
2023-05-24 16:10:00,152,5.0,6.6695886,6.512727
2023-05-24 16:20:00,152,7.0,6.498609,6.4011917
2023-05-24 16:30:00,152,7.0,6.80643,6.8499923
2023-05-24 16:40:00,152,6.0,7.074156,6.965909
2023-05-24 16:50:00,152,3.0,7.2770824,7.383213
2023-05-24 17:00:00,152,11.0,6.805601,6.6419845
2023-05-24 17:10:00,152,8.0,7.207259,7.3977456
2023-05-24 17:20:00,152,8.0,7.106064,7.20891
2023-05-24 17:30:00,152,3.0,7.2543235,7.701165
2023-05-24 17:40:00,152,10.0,6.2229033,6.580211
2023-05-24 17:50:00,152,3.0,5.597027,6.6917467
2023-05-24 18:00:00,152,5.0,5.5382423,6.2045074
2023-05-24 18:10:00,152,11.0,5.44602,5.761158
2023-05-24 18:20:00,152,5.0,5.435146,6.7983875
2023-05-24 18:30:00,152,2.0,4.7584925,6.0309386
2023-05-24 18:40:00,152,10.0,3.9391885,5.8350067
2023-05-24 18:50:00,152,4.0,4.0848618,6.3514786
2023-05-24 19:00:00,152,11.0,4.0517673,5.791193
2023-05-24 19:10:00,152,5.0,4.708706,6.459102
2023-05-24 19:20:00,152,1.0,4.593321,6.1666627
2023-05-24 19:30:00,152,1.0,3.7568197,4.736684
2023-05-24 19:40:00,152,5.0,3.0727272,3.8802042
2023-05-24 19:50:00,152,5.0,3.2017012,3.9161577
2023-05-24 20:00:00,152,7.0,3.4139996,4.298925
2023-05-24 20:10:00,152,10.0,3.8355384,4.5911326
2023-05-24 20:20:00,152,11.0,4.957615,5.1455374
2023-05-24 20:30:00,152,5.0,5.914315,5.887306
2023-05-24 20:40:00,152,4.0,5.308876,5.240286
2023-05-24 20:50:00,152,8.0,4.6623745,4.6279655
2023-05-24 21:00:00,152,6.0,4.7390056,4.567096
2023-05-24 21:10:00,152,3.0,4.6863375,4.6922107
2023-05-24 21:20:00,152,0.0,3.8481917,4.174013
2023-05-24 21:30:00,152,5.0,2.1676674,3.059566
2023-05-24 21:40:00,152,8.0,2.1602244,3.1708589
2023-05-24 21:50:00,152,2.0,2.9638748,4.177856
2023-05-24 22:00:00,152,1.0,1.9781747,3.2114797
2023-05-24 22:10:00,152,0.0,1.0041819,1.8562593
2023-05-24 22:20:00,152,0.0,0.41396523,1.1962934
2023-05-24 22:30:00,152,0.0,0.0,0.54096794
2023-05-24 22:40:00,152,0.0,0.0,0.1298399
2023-05-24 22:50:00,152,0.0,0.0,0.0
2023-05-24 23:00:00,152,0.0,0.0,0.0
2023-05-25 08:00:00,152,7.0,12.670027,12.4646225
2023-05-25 08:10:00,152,12.0,10.595459,10.719664
2023-05-25 08:20:00,152,14.0,9.361575,9.562883
2023-05-25 08:30:00,152,5.0,9.292769,9.228326
2023-05-25 08:40:00,152,5.0,8.771889,8.478903
2023-05-25 08:50:00,152,4.0,7.931137,8.1602
2023-05-25 09:00:00,152,7.0,6.361268,6.9487157
2023-05-25 09:10:00,152,6.0,6.066741,6.7873173
2023-05-25 09:20:00,152,5.0,6.0502663,6.93291
2023-05-25 09:30:00,152,3.0,6.0891843,7.1579413
2023-05-25 09:40:00,152,5.0,5.6221476,6.3824368
2023-05-25 09:50:00,152,6.0,5.5035305,5.8767624
2023-05-25 10:00:00,152,4.0,5.5007744,6.0926013
2023-05-25 10:10:00,152,6.0,5.1810427,5.749445
2023-05-25 10:20:00,152,3.0,5.4430275,6.293416
2023-05-25 10:30:00,152,5.0,5.22674,5.8359337
2023-05-25 10:40:00,152,5.0,5.1547546,5.9208393
2023-05-25 10:50:00,152,4.0,5.2737427,6.2004185
2023-05-25 11:00:00,152,2.0,5.1871743,5.9889107
2023-05-25 11:10:00,152,11.0,4.907814,4.554842
2023-05-25 11:20:00,152,6.0,5.4954953,5.9372215
2023-05-25 11:30:00,152,4.0,5.7331877,6.4977074
2023-05-25 11:40:00,152,4.0,5.3976097,6.2117815
2023-05-25 11:50:00,152,10.0,5.4777317,6.0963893
2023-05-25 12:00:00,152,11.0,5.9633703,6.4259043
2023-05-25 12:10:00,152,7.0,6.7230654,6.817776
2023-05-25 12:20:00,152,4.0,7.363149,6.923933
2023-05-25 12:30:00,152,6.0,6.87703,7.0558343
2023-05-25 12:40:00,152,4.0,6.8337736,7.340645
2023-05-25 12:50:00,152,4.0,6.3387623,6.942339
2023-05-25 13:00:00,152,2.0,6.2228346,6.6445374
2023-05-25 13:10:00,152,6.0,5.8896723,5.82715
2023-05-25 13:20:00,152,12.0,5.813836,5.8957243
2023-05-25 13:30:00,152,8.0,6.5927005,6.9264393
2023-05-25 13:40:00,152,9.0,6.8814135,7.3095803
2023-05-25 13:50:00,152,9.0,7.2739286,7.706664
2023-05-25 14:00:00,152,8.0,7.460973,7.7247086
2023-05-25 14:10:00,152,4.0,7.5998626,8.255378
2023-05-25 14:20:00,152,4.0,6.9424896,7.7777557
2023-05-25 14:30:00,152,5.0,6.591019,7.2475486
2023-05-25 14:40:00,152,5.0,6.4927554,7.1581607
2023-05-25 14:50:00,152,4.0,6.4984345,7.2571173
2023-05-25 15:00:00,152,12.0,6.367814,6.9047947
2023-05-25 15:10:00,152,7.0,6.9174347,7.521881
2023-05-25 15:20:00,152,6.0,7.17634,7.5387263
2023-05-25 15:30:00,152,4.0,7.0917087,7.376791
2023-05-25 15:40:00,152,7.0,6.942123,6.9761715
2023-05-25 15:50:00,152,10.0,6.8977346,6.9271345
2023-05-25 16:00:00,152,4.0,7.3934994,7.7070503
2023-05-25 16:10:00,152,3.0,7.102848,7.324034
2023-05-25 16:20:00,152,1.0,6.6292048,6.5477786
2023-05-25 16:30:00,152,9.0,6.1790648,5.772485
2023-05-25 16:40:00,152,10.0,6.5739636,6.1508107
2023-05-25 16:50:00,152,15.0,7.325495,7.2320347
2023-05-25 17:00:00,152,11.0,9.134467,7.90533
2023-05-25 17:10:00,152,12.0,9.246898,8.415421
2023-05-25 17:20:00,152,12.0,9.106547,8.669445
2023-05-25 17:30:00,152,13.0,9.390292,9.210236
2023-05-25 17:40:00,152,7.0,9.347197,9.733528
2023-05-25 17:50:00,152,4.0,7.6098166,8.36103
2023-05-25 18:00:00,152,5.0,6.8155785,6.834442
2023-05-25 18:10:00,152,8.0,5.9441776,5.635659
2023-05-25 18:20:00,152,5.0,5.445748,5.964463
2023-05-25 18:30:00,152,2.0,4.9704723,5.657389
2023-05-25 18:40:00,152,6.0,4.1441255,4.4554696
2023-05-25 18:50:00,152,6.0,3.946426,4.4924755
2023-05-25 19:00:00,152,6.0,4.0999236,4.504857
2023-05-25 19:10:00,152,5.0,4.382714,4.987023
2023-05-25 19:20:00,152,6.0,4.324326,5.0285497
2023-05-25 19:30:00,152,4.0,4.7422647,5.153899
2023-05-25 19:40:00,152,4.0,4.5213346,5.0186367
2023-05-25 19:50:00,152,11.0,4.3374577,4.7410927
2023-05-25 20:00:00,152,7.0,5.09274,5.9096603
2023-05-25 20:10:00,152,13.0,5.2856746,5.830606
2023-05-25 20:20:00,152,8.0,6.8930607,6.540623
2023-05-25 20:30:00,152,2.0,6.95362,6.784213
2023-05-25 20:40:00,152,3.0,5.298519,5.4132605
2023-05-25 20:50:00,152,4.0,4.529812,4.7401543
2023-05-25 21:00:00,152,1.0,4.1531506,4.0783253
2023-05-25 21:10:00,152,6.0,3.4235406,3.383461
2023-05-25 21:20:00,152,2.0,3.4511976,3.7702293
2023-05-25 21:30:00,152,7.0,2.8800974,2.9692817
2023-05-25 21:40:00,152,2.0,3.063869,3.4018826
2023-05-25 21:50:00,152,0.0,2.3835707,2.7352662
2023-05-25 22:00:00,152,1.0,1.3380275,1.6280131
2023-05-25 22:10:00,152,1.0,0.8161106,1.1967163
2023-05-25 22:20:00,152,0.0,0.70178604,0.9550252
2023-05-25 22:30:00,152,0.0,0.21238804,0.64482117
2023-05-25 22:40:00,152,0.0,0.0,0.2129898
2023-05-25 22:50:00,152,0.0,0.0,0.0
2023-05-25 23:00:00,152,0.0,0.0,0.027170181
2023-05-26 08:00:00,152,17.0,13.481264,12.572607
2023-05-26 08:10:00,152,11.0,12.9850445,12.746822
2023-05-26 08:20:00,152,11.0,11.279542,11.534238
2023-05-26 08:30:00,152,3.0,10.18964,10.484587
2023-05-26 08:40:00,152,3.0,9.051491,9.1362505
2023-05-26 08:50:00,152,7.0,7.5777383,7.4573936
2023-05-26 09:00:00,152,7.0,5.762105,5.7950916
2023-05-26 09:10:00,152,7.0,5.303219,5.644866
2023-05-26 09:20:00,152,8.0,5.348688,5.6044245
2023-05-26 09:30:00,152,6.0,5.9020433,6.193022
2023-05-26 09:40:00,152,4.0,5.9969387,6.1525493
2023-05-26 09:50:00,152,4.0,5.7834897,5.945684
2023-05-26 10:00:00,152,1.0,5.6203594,5.889151
2023-05-26 10:10:00,152,2.0,4.7423925,4.22956
2023-05-26 10:20:00,152,4.0,4.4733253,4.564211
2023-05-26 10:30:00,152,3.0,4.4359984,5.1063833
2023-05-26 10:40:00,152,7.0,4.2260876,4.9242306
2023-05-26 10:50:00,152,9.0,4.6841636,5.644013
2023-05-26 11:00:00,152,3.0,5.550927,6.432405
2023-05-26 11:10:00,152,5.0,5.2572784,5.4736757
2023-05-26 11:20:00,152,7.0,5.4457254,5.9146705
2023-05-26 11:30:00,152,6.0,5.8684797,6.557758
2023-05-26 11:40:00,152,6.0,6.0657816,6.4724655
2023-05-26 11:50:00,152,5.0,6.2096767,6.564987
2023-05-26 12:00:00,152,6.0,6.2448506,6.535619
2023-05-26 12:10:00,152,13.0,6.4310675,6.602247
2023-05-26 12:20:00,152,12.0,7.2783713,6.9321775
2023-05-26 12:30:00,152,5.0,8.238023,7.396242
2023-05-26 12:40:00,152,3.0,7.8282213,7.566894
2023-05-26 12:50:00,152,11.0,7.1706567,7.1622987
2023-05-26 13:00:00,152,8.0,7.358139,7.63663
2023-05-26 13:10:00,152,5.0,7.520088,7.7007713
2023-05-26 13:20:00,152,9.0,7.484187,7.672447
2023-05-26 13:30:00,152,3.0,7.9400887,8.376175
2023-05-26 13:40:00,152,6.0,7.5571904,7.6044555
2023-05-26 13:50:00,152,1.0,7.370951,7.5142207
2023-05-26 14:00:00,152,4.0,6.516162,6.555419
2023-05-26 14:10:00,152,7.0,6.318206,6.0846434
2023-05-26 14:20:00,152,4.0,6.41111,6.0213485
2023-05-26 14:30:00,152,6.0,6.1898723,5.9065237
2023-05-26 14:40:00,152,0.0,6.2992973,6.3036475
2023-05-26 14:50:00,152,4.0,5.920933,4.2948117
2023-05-26 15:00:00,152,4.0,5.8979874,4.0905547
2023-05-26 15:10:00,152,4.0,5.87033,4.2578893
2023-05-26 15:20:00,152,8.0,6.0807867,4.3805213
2023-05-26 15:30:00,152,10.0,6.523841,5.0423474
2023-05-26 15:40:00,152,10.0,7.2361836,5.8962436
2023-05-26 15:50:00,152,2.0,7.780759,6.8610234
2023-05-26 16:00:00,152,8.0,7.6204424,5.886204
2023-05-26 16:10:00,152,13.0,7.9221387,6.8807397
2023-05-26 16:20:00,152,4.0,8.363443,7.8243337
