Commuter,Casual,Tourist/Visitor,Concession/Student,hour,event
0.45964316,0.23228492,0.17444341,0.13362858,8.0,False
0.45809668,0.23158473,0.17569296,0.13462566,8.0,False
0.45650694,0.23100175,0.17685947,0.13563186,8.0,False
0.4549607,0.230487,0.17793654,0.13661578,8.5,False
0.45357612,0.22997303,0.17891712,0.13753375,8.5,False
0.45214045,0.22959152,0.17980559,0.13846245,8.5,False
0.45065755,0.22934292,0.18059911,0.1394004,9.0,False
0.4491313,0.22922757,0.18129507,0.14034608,9.0,False
0.44756544,0.22924566,0.18189113,0.14129782,9.0,False
0.44596353,0.22939724,0.1823852,0.14225395,9.5,False
0.4443293,0.22968242,0.18277565,0.14321266,9.5,False
0.44267333,0.23023814,0.18298675,0.14410183,9.5,False
0.44100943,0.23126702,0.1829086,0.1448149,10.0,False
0.43932277,0.23244038,0.1827192,0.14551759,10.0,False
0.43799183,0.233712,0.18229821,0.14599793,10.0,False
0.43798414,0.23496376,0.18133931,0.14571269,10.5,False
0.43792158,0.23634292,0.18029341,0.14544204,10.5,False
0.4378606,0.23783621,0.17913654,0.14516667,10.5,False
0.43771452,0.23949274,0.17788756,0.14490518,11.0,False
0.43745443,0.24129398,0.17657878,0.14467281,11.0,False
0.43707904,0.24323843,0.17521332,0.14446919,11.0,False
0.4368272,0.24522945,0.1737471,0.14419626,11.5,False
0.43652415,0.24733233,0.17221877,0.14392476,11.5,False
0.43610278,0.24957095,0.17064503,0.14368124,11.5,False
0.43556204,0.2519431,0.16902953,0.14346531,12.0,False
0.43490124,0.25444633,0.16737589,0.14327653,12.0,False
0.43411988,0.25707784,0.16568778,0.14311445,12.0,False
0.43324637,0.2598549,0.1639381,0.14296064,12.5,False
0.43233046,0.26287174,0.16204901,0.14274874,12.5,False
0.4314269,0.26625136,0.15992688,0.14239487,12.5,False
0.43032494,0.27037364,0.15729196,0.1420094,13.0,False
0.4289308,0.27503982,0.15438451,0.14164487,13.0,False
0.4271669,0.28056026,0.15113716,0.14113563,13.0,False
0.4252087,0.286385,0.1478239,0.14058244,13.5,False
0.42311928,0.29232478,0.14453655,0.1400194,13.5,False
0.42090243,0.29836863,0.1412819,0.13944705,13.5,False
0.41856277,0.3045048,0.13806646,0.138866,14.0,False
0.41610563,0.31072083,0.13489647,0.13827707,14.0,False
0.41353717,0.31700385,0.13177776,0.13768129,14.0,False
0.4108643,0.32334018,0.12871583,0.13707978,14.5,False
0.40809447,0.3297159,0.12571573,0.13647386,14.5,False
0.40523607,0.33611652,0.122782305,0.13586512,14.5,False
0.4022978,0.34252727,0.11991985,0.13525511,15.0,False
0.39929968,0.3489248,0.11713157,0.13464397,15.0,False
0.39635858,0.35521123,0.11441321,0.13401705,15.0,False
0.3933745,0.3614541,0.11177712,0.13339426,15.5,False
0.39035776,0.3676379,0.10922638,0.13277791,15.5,False
0.38824698,0.3731243,0.106704816,0.1319239,15.5,False
0.38611397,0.37870947,0.10418361,0.13099301,16.0,False
0.3838008,0.38481957,0.10151963,0.12985998,16.0,False
0.38148078,0.39079964,0.09896612,0.12875347,16.0,False
0.37916407,0.3966349,0.09652417,0.12767686,16.5,False
0.37686092,0.40231088,0.09419461,0.12663358,16.5,False
0.3754632,0.40741348,0.09191866,0.12520462,16.5,False
0.3756891,0.4113901,0.08970112,0.12321964,17.0,False
0.37624094,0.41489813,0.087610915,0.121249996,17.0,False
0.37685442,0.41819263,0.08562463,0.11932831,17.0,False
0.37753314,0.42126653,0.08374205,0.11745828,17.5,False
0.37828046,0.42411363,0.08196267,0.115643166,17.5,False
0.37943318,0.42640203,0.08031267,0.1138521,17.5,False
0.3809812,0.4282259,0.0787592,0.11203375,18.0,False
0.38257867,0.42983958,0.07730098,0.1102808,18.0,False
0.38422644,0.43124124,0.07593716,0.10859521,18.0,False
0.38592502,0.43242952,0.07466673,0.10697871,18.5,False
0.388056,0.43308955,0.07349743,0.105356984,18.5,False
0.3904083,0.43339333,0.07242257,0.10377579,18.5,False
0.3928122,0.4334806,0.0714372,0.102269985,19.0,False
0.39526606,0.43335345,0.07054024,0.10084031,19.0,False
0.39776772,0.43301433,0.06973074,0.09948728,19.0,False
0.40054172,0.43218488,0.069070764,0.098202616,19.5,False
0.40361753,0.43083167,0.068565644,0.09698519,19.5,False
0.40673387,0.4292791,0.06814221,0.09584477,19.5,False
0.40988597,0.42753282,0.06779992,0.09478125,20.0,False
0.4130684,0.4255989,0.06753824,0.09379441,20.0,False
0.41627553,0.42348364,0.06735675,0.092883974,20.0,False
0.41964635,0.4210331,0.06727035,0.09205017,20.5,False
0.4232105,0.41821536,0.067282,0.09129209,20.5,False
0.42681438,0.41520125,0.06737607,0.09060837,20.5,False
0.43045,0.41199917,0.067552455,0.089998364,21.0,False
0.4341089,0.4086184,0.067811206,0.0894615,21.0,False
0.4377822,0.40506834,0.06815247,0.088997066,21.0,False
0.44146052,0.40135854,0.06857651,0.08860446,21.5,False
0.4451342,0.3974991,0.06908369,0.08828304,21.5,False
0.4487932,0.39350015,0.06967445,0.088032246,21.5,False
0.45242718,0.38937205,0.07034938,0.08785141,22.0,False
0.45602563,0.38512534,0.07110911,0.08774003,22.0,False
0.45957747,0.38077065,0.07195435,0.087697506,22.0,False
0.46307197,0.3763187,0.07288593,0.087723374,22.5,False
0.46649784,0.37178043,0.07390463,0.08781711,22.5,False
0.469844,0.36716637,0.075011425,0.08797822,22.5,False
0.4730992,0.36248735,0.07620719,0.088206306,23.0,False
0.4722333,0.21369743,0.1800991,0.13397007,8.0,False
0.4691544,0.21346396,0.18182847,0.13555326,8.0,False
0.46617368,0.21325679,0.18346202,0.13710746,8.0,False
0.46314162,0.21316749,0.1850036,0.13868725,8.5,False
0.46009102,0.21315362,0.18647324,0.14028206,8.5,False
0.45709658,0.21310142,0.18793485,0.14186719,8.5,False
0.45405442,0.21319716,0.1892733,0.14347517,9.0,False
0.4509725,0.21344058,0.19048381,0.14510316,9.0,False
0.44786972,0.21382043,0.19156872,0.1467411,9.0,False
0.44476563,0.21434262,0.19251035,0.14838141,9.5,False
0.4426727,0.21473481,0.19307534,0.14951715,9.5,False
0.4405615,0.21528114,0.19350009,0.1506573,9.5,False
0.43843618,0.21598162,0.19378275,0.15179953,10.0,False
0.4363005,0.21683612,0.19392191,0.15294142,10.0,False
0.4348768,0.21800686,0.19355905,0.15355733,10.0,False
0.43456563,0.21950512,0.19252662,0.15340266,10.5,False
0.4341889,0.22118396,0.19136319,0.1532639,10.5,False
0.4337205,0.22302824,0.19009769,0.15315358,10.5,False
0.43315876,0.2250369,0.18873341,0.15307088,11.0,False
0.43258604,0.22706625,0.18735883,0.15298887,11.0,False
0.43198937,0.22913593,0.18596287,0.15291184,11.0,False
0.43131617,0.23133238,0.18449596,0.15285553,11.5,False
0.43058515,0.2336542,0.18295327,0.15280746,11.5,False
0.42993578,0.23632666,0.1811251,0.1526124,11.5,False
0.42923832,0.23917066,0.17919262,0.15239833,12.0,False
0.428465,0.2421453,0.17719781,0.15219194,12.0,False
0.42761198,0.24526255,0.17513275,0.15199265,12.0,False
0.4266757,0.24851944,0.17300422,0.15180057,12.5,False
0.4251524,0.25307876,0.17004384,0.151725,12.5,False
0.42353603,0.25842655,0.16664438,0.15139307,12.5,False
0.42183766,0.26405022,0.16312887,0.15098317,13.0,False
0.42002323,0.2698301,0.15959796,0.1505487,13.0,False
0.4185139,0.27535477,0.15618776,0.14994353,13.0,False
0.416997,0.2809108,0.15280801,0.14928429,13.5,False
0.41538325,0.28657383,0.14943926,0.14860359,13.5,False
0.4136749,0.29233342,0.14608945,0.14790225,13.5,False
0.41187447,0.2981781,0.1427662,0.14718127,14.0,False
0.4099854,0.30409592,0.13947684,0.1464419,14.0,False
0.40801173,0.31007454,0.13622823,0.14568555,14.0,False
0.40595824,0.31610084,0.13302705,0.14491385,14.5,False
0.40383035,0.3221616,0.12987943,0.14412864,14.5,False
0.40163404,0.32824293,0.12679115,0.1433319,14.5,False
0.39937586,0.33433077,0.12376755,0.14252578,15.0,False
0.39706296,0.3404108,0.12081356,0.14171267,15.0,False
0.39470285,0.34646842,0.11793375,0.14089493,15.0,False
0.39231846,0.35247397,0.11513778,0.14006983,15.5,False
0.38990566,0.35842514,0.112424426,0.13924475,15.5,False
0.38747144,0.36430916,0.10979624,0.1384231,15.5,False
0.38502467,0.37011144,0.10725614,0.1376078,16.0,False
0.38267577,0.3757632,0.10479659,0.13676447,16.0,False
0.38032955,0.38130507,0.102430545,0.13593481,16.0,False
0.3779853,0.38672885,0.100160584,0.13512526,16.5,False
0.3755501,0.39224243,0.097919226,0.13428822,16.5,False
0.37335014,0.39791635,0.09558181,0.13315167,16.5,False
0.372488,0.40302697,0.09314723,0.13133782,17.0,False
0.3720833,0.40761542,0.09084357,0.12945774,17.0,False
0.37178278,0.41194904,0.088659026,0.12760916,17.0,False
0.37176594,0.4158797,0.08659938,0.12575494,17.5,False
0.3722449,0.41923168,0.084670775,0.12385267,17.5,False
0.37284184,0.4222986,0.08285833,0.12200122,17.5,False
0.37356126,0.4250737,0.08116082,0.12020424,18.0,False
0.3744072,0.4275509,0.079576895,0.11846499,18.0,False
0.37538332,0.4297253,0.07810504,0.11678635,18.0,False
0.3768496,0.4312409,0.076770656,0.115138985,18.5,False
0.3785261,0.43237293,0.0755496,0.11355143,18.5,False
0.3803832,0.43317375,0.07443062,0.112012416,18.5,False
0.38269168,0.43345782,0.07340623,0.110444285,19.0,False
0.3851515,0.43343055,0.07247908,0.108938925,19.0,False
0.38779518,0.43307173,0.071645424,0.10748769,19.0,False
0.39055303,0.43242687,0.07090864,0.10611148,19.5,False
0.39342257,0.43149927,0.0702675,0.104810685,19.5,False
0.3964009,0.43029293,0.06972074,0.10358549,19.5,False
0.39948443,0.42881238,0.069267295,0.10243585,20.0,False
0.40266895,0.42706314,0.068906195,0.10136171,20.0,False
0.40594974,0.42505094,0.0686366,0.10036274,20.0,False
0.40932128,0.4227824,0.06845777,0.09943858,20.5,False
0.41307628,0.4198986,0.0684497,0.09857544,20.5,False
0.41706306,0.416587,0.06857177,0.09777818,20.5,False
0.42111295,0.4130537,0.06878038,0.097052984,21.0,False
0.4252165,0.40930894,0.06907549,0.09639913,21.0,False
0.43023276,0.40487215,0.06937806,0.095516965,21.0,False
0.43541947,0.40016827,0.06975187,0.09466036,21.5,False
0.44041368,0.39565268,0.070122674,0.09381096,21.5,False
0.44524404,0.39126647,0.0705065,0.09298303,21.5,False
0.45005465,0.38675776,0.07096541,0.09222224,22.0,False
0.454833,0.38213903,0.07149973,0.09152817,22.0,False
0.45956644,0.3774232,0.072109886,0.09090051,22.0,False
0.4642421,0.37262276,0.072796345,0.09033882,22.5,False
0.46929815,0.36732668,0.073577814,0.08979732,22.5,False
0.47436407,0.3618867,0.07443924,0.08930992,22.5,False
0.47936514,0.35637403,0.07537868,0.088882156,23.0,False
0.48351482,0.19972962,0.17839232,0.13836321,8.0,False
0.48047608,0.19945315,0.18011232,0.13995849,8.0,False
0.47745013,0.19924963,0.1817433,0.14155695,8.0,False
0.47437438,0.1991581,0.18328452,0.14318304,8.5,False
0.4712563,0.1991788,0.18473071,0.1448342,8.5,False
0.46816862,0.19920443,0.1861427,0.1464843,8.5,False
0.46508515,0.19928914,0.1874839,0.1481418,9.0,False
0.4619637,0.19951464,0.18869968,0.1498219,9.0,False
0.45881167,0.1998812,0.18978532,0.15152183,9.0,False
0.45563602,0.20038892,0.19073647,0.1532386,9.5,False
0.4524437,0.20103802,0.19154929,0.15496902,9.5,False
0.44924128,0.20182855,0.19222037,0.15670979,9.5,False
0.44603515,0.20276058,0.19274686,0.15845734,10.0,False
0.4446242,0.20366569,0.1925512,0.15915895,10.0,False
0.44327182,0.2047127,0.19219704,0.15981841,10.0,False
0.44185865,0.20591272,0.19172403,0.16050462,10.5,False
0.4403859,0.20726511,0.1911331,0.16121589,10.5,False
0.43885496,0.20876916,0.19042553,0.16195035,10.5,False
0.43703294,0.21106762,0.18909395,0.16280547,11.0,False
0.43513697,0.2136503,0.1875269,0.16368583,11.0,False
0.43334383,0.21634234,0.18584354,0.16447034,11.0,False
0.43172577,0.21942732,0.18384072,0.1650062,11.5,False
0.4301691,0.22280055,0.18160985,0.16542049,11.5,False
0.42866147,0.22645412,0.17916916,0.16571535,11.5,False
0.4271131,0.23027208,0.17663798,0.16597682,12.0,False
0.42552283,0.23425074,0.17402397,0.16620247,12.0,False
0.42459336,0.2381911,0.17120457,0.166011,12.0,False
0.42364922,0.24226922,0.16831778,0.16576383,12.5,False
0.42262915,0.24663992,0.16531694,0.16541399,12.5,False
0.42153025,0.2515259,0.16210938,0.16483454,12.5,False
0.42033395,0.25656042,0.15887341,0.16423218,13.0,False
0.41903788,0.26174262,0.15561287,0.1636066,13.0,False
0.41764477,0.26705045,0.15234685,0.16295801,13.0,False
0.41615504,0.27247488,0.1490833,0.1622867,13.5,False
0.41457018,0.2780063,0.14583027,0.16159327,13.5,False
0.41289195,0.2836343,0.1425953,0.16087843,13.5,False
0.41112304,0.28934804,0.1393857,0.1601432,14.0,False
0.40926674,0.2951359,0.1362086,0.15938878,14.0,False
0.407327,0.3009859,0.13307054,0.15861656,14.0,False
0.40530849,0.3068854,0.12997793,0.15782824,14.5,False
0.4032164,0.3128214,0.12693669,0.15702556,14.5,False
0.40105656,0.31878042,0.123952374,0.15621062,14.5,False
0.39883548,0.32474875,0.12103014,0.1553856,15.0,False
0.39655998,0.33071232,0.11817474,0.1545529,15.0,False
0.39423758,0.33665687,0.11539058,0.15371506,15.0,False
0.39187583,0.3425679,0.11268152,0.15287466,15.5,False
0.38948315,0.34843105,0.11005122,0.1520346,15.5,False
0.38706782,0.35423177,0.107502766,0.15119767,15.5,False
0.38463858,0.35995558,0.105039,0.15036686,16.0,False
0.3822042,0.36558828,0.1026623,0.14954516,16.0,False
0.37977383,0.3711157,0.10037482,0.14873567,16.0,False
0.3773563,0.3765241,0.09817821,0.14794143,16.5,False
0.37496066,0.3817998,0.09607399,0.14716546,16.5,False
0.37259597,0.38692972,0.09406332,0.14641094,16.5,False
0.37030756,0.39187354,0.09214822,0.14567058,17.0,False
0.36970016,0.3960604,0.09013851,0.14410089,17.0,False
0.36967236,0.3999372,0.08814192,0.14224857,17.0,False
0.36975113,0.4035882,0.08624345,0.14041723,17.5,False
0.36994073,0.40700448,0.084443115,0.13861169,17.5,False
0.37024525,0.41017744,0.08274073,0.13683656,17.5,False
0.37066847,0.41309956,0.081135884,0.13509597,18.0,False
0.371214,0.41576394,0.07962806,0.133394,18.0,False
0.371885,0.4181644,0.07821652,0.1317341,18.0,False
0.3726844,0.42029554,0.07690048,0.1301196,18.5,False
0.3743275,0.4218083,0.07562193,0.12824221,18.5,False
0.37615138,0.42301247,0.07443406,0.12640202,18.5,False
0.3781373,0.42391473,0.073337376,0.124610625,19.0,False
0.38028556,0.4245133,0.07233069,0.12287051,19.0,False
0.382596,0.4248072,0.07141291,0.121183954,19.0,False
0.38540742,0.42457163,0.07057572,0.11944533,19.5,False
0.38844767,0.4239843,0.069823235,0.11774476,19.5,False
0.39164236,0.4230952,0.069155775,0.1161066,19.5,False
0.3956034,0.421287,0.068662174,0.11444736,20.0,False
0.3999349,0.4189333,0.06829757,0.11283418,20.0,False
0.40438995,0.4163102,0.068009906,0.111290015,20.0,False
0.40896076,0.4134257,0.06779843,0.10981497,20.5,False
0.4136394,0.410289,0.06766249,0.108409084,20.5,False
0.4184167,0.40690958,0.0676015,0.10707218,20.5,False
0.42328322,0.4032978,0.06761499,0.105804004,21.0,False
0.42822856,0.39946464,0.06770252,0.104604214,21.0,False
0.4332419,0.39542186,0.06786382,0.10347245,21.0,False
0.43831173,0.39118144,0.06809864,0.10240819,21.5,False
0.44342595,0.38675624,0.068406865,0.101410985,21.5,False
0.44857207,0.3821593,0.06878846,0.100480296,21.5,False
0.45373675,0.3774042,0.069243446,0.099615574,22.0,False
0.4587992,0.37278777,0.069705136,0.09870785,22.0,False
0.4637364,0.36834633,0.070165806,0.09775156,22.0,False
0.46864203,0.36380577,0.0706912,0.096861,22.5,False
0.4735136,0.3591611,0.07128793,0.096037306,22.5,False
0.47833806,0.3544253,0.07195638,0.09528021,22.5,False
0.4832178,0.34950906,0.07269898,0.0945742,23.0,False
0.47318155,0.19446586,0.18141778,0.15093482,8.0,False
0.47015643,0.19456726,0.18274634,0.15252995,8.0,False
0.46707946,0.19487253,0.18392318,0.15412487,8.0,False
0.46395135,0.19527726,0.18501171,0.1557597,8.5,False
0.4608921,0.19560975,0.18611914,0.15737894,8.5,False
0.45793456,0.19583066,0.18726863,0.15896621,8.5,False
0.45471698,0.19674152,0.18784954,0.16069193,9.0,False
0.45145714,0.19778538,0.18830267,0.16245493,9.0,False
0.44816092,0.19896157,0.18862557,0.164252,9.0,False
0.4448342,0.20026952,0.18881635,0.16607988,9.5,False
0.44148287,0.20170856,0.18887363,0.16793503,9.5,False
0.43936017,0.20317149,0.18841647,0.16905186,9.5,False
0.43796223,0.20470488,0.1876072,0.16972569,10.0,False
0.43648636,0.20637704,0.18669404,0.17044252,10.0,False
0.4349336,0.2081867,0.18567918,0.17120048,10.0,False
0.433305,0.21013239,0.18456508,0.17199758,10.5,False
0.43160155,0.21221244,0.18335444,0.17283158,10.5,False
0.4298245,0.21442494,0.18205029,0.17370021,10.5,False
0.42797515,0.21676783,0.18065591,0.17460106,11.0,False
0.42605492,0.21923868,0.17917487,0.17553158,11.0,False
0.42406523,0.22183487,0.17761089,0.17648906,11.0,False
0.4220078,0.22455345,0.17596804,0.17747073,11.5,False
0.4198845,0.22739124,0.1742505,0.1784738,11.5,False
0.41769734,0.23034465,0.17246278,0.17949523,11.5,False
0.41561323,0.23326606,0.17066361,0.18045703,12.0,False
0.4137133,0.23632611,0.16874585,0.18121475,12.0,False
0.41176847,0.23952813,0.16675031,0.1819531,12.0,False
0.4106347,0.24283138,0.16442466,0.18210928,12.5,False
0.4095141,0.24638985,0.16194414,0.18215197,12.5,False
0.40831533,0.25006685,0.15942816,0.1821897,12.5,False
0.40703857,0.25385705,0.15688322,0.18222114,13.0,False
0.40568432,0.257755,0.15431567,0.182245,13.0,False
0.40425342,0.26175457,0.15173177,0.18226013,13.0,False
0.40273136,0.2663299,0.1488827,0.18205604,13.5,False
0.40111098,0.27132353,0.14586858,0.18169686,13.5,False
0.39940104,0.2764208,0.14286247,0.18131572,13.5,False
0.3976038,0.28161246,0.13987121,0.18091255,14.0,False
0.39572233,0.28688878,0.13690147,0.18048747,14.0,False
0.39375997,0.29223973,0.13395947,0.1800408,14.0,False
0.39172092,0.2976545,0.1310514,0.17957321,14.5,False
0.38960972,0.303122,0.12818286,0.17908543,14.5,False
0.3874315,0.30863062,0.1253593,0.17857853,14.5,False
0.38519192,0.31416845,0.12258585,0.17805377,15.0,False
0.38289705,0.3197232,0.1198672,0.17751259,15.0,False
0.38055336,0.32528222,0.11720776,0.17695665,15.0,False
0.37816775,0.33083287,0.11461157,0.17638779,15.5,False
0.37574747,0.33636203,0.11208239,0.1758081,15.5,False
0.37329137,0.3418701,0.10962106,0.17521755,15.5,False
0.37081456,0.3473323,0.10723283,0.17462026,16.0,False
0.36832702,0.35273278,0.10492096,0.17401925,16.0,False
0.36583683,0.35805812,0.102687865,0.17341712,16.0,False
0.3633423,0.3633566,0.100518584,0.17278254,16.5,False
0.36084807,0.36862916,0.098412015,0.17211074,16.5,False
0.35837927,0.37376043,0.09639847,0.1714619,16.5,False
0.3559446,0.37873733,0.094478875,0.17083919,17.0,False
0.3538066,0.38348264,0.09263521,0.17007557,17.0,False
0.35187522,0.38796568,0.090896316,0.16926275,17.0,False
0.35205835,0.3916503,0.08909458,0.16719681,17.5,False
0.35232952,0.39512268,0.087384075,0.16516368,17.5,False
0.3526923,0.39837432,0.085765034,0.16316839,17.5,False
0.35325885,0.40125424,0.08427934,0.16120757,18.0,False
0.35445368,0.40333542,0.08300631,0.15920459,18.0,False
0.35596386,0.40515345,0.08178178,0.15710096,18.0,False
0.35815468,0.40663072,0.08055483,0.15465967,18.5,False
0.36072966,0.40765768,0.07941951,0.15219314,18.5,False
0.36382046,0.40810516,0.078386426,0.14968795,18.5,False
0.3670593,0.40824792,0.07744157,0.14725123,19.0,False
0.37080592,0.4078661,0.076577984,0.14474998,19.0,False
0.3747499,0.4071451,0.07579897,0.14230607,19.0,False
0.37883246,0.4061209,0.07510443,0.1399423,19.5,False
0.38304883,0.4047974,0.074493416,0.13766035,19.5,False
0.38738808,0.4031877,0.07396395,0.1354603,19.5,False
0.39180365,0.4013744,0.0734969,0.13332498,20.0,False
0.39623088,0.3994766,0.07306369,0.1312288,20.0,False
0.400741,0.397348,0.072700925,0.12921011,20.0,False
0.4053262,0.39499563,0.07240818,0.12726992,20.5,False
0.40997842,0.3924275,0.072185025,0.125409,20.5,False
0.41468886,0.38965213,0.07203114,0.12362797,20.5,False
0.41944832,0.38667834,0.07194619,0.12192718,21.0,False
0.4242471,0.38351595,0.07192994,0.120306976,21.0,False
0.42907512,0.3801751,0.07198225,0.11876754,21.0,False
0.4339218,0.37666625,0.07210299,0.117308855,21.5,False
0.4387763,0.3730006,0.072292134,0.11593099,21.5,False
0.44362724,0.36918923,0.07254968,0.11463379,21.5,False
0.44846314,0.36524397,0.072875746,0.11341715,22.0,False
0.4532721,0.36117655,0.073270485,0.11228081,22.0,False
0.45804211,0.35699916,0.07373411,0.11122464,22.0,False
0.46276093,0.35272384,0.074266896,0.11024833,22.5,False
0.4674162,0.34836295,0.07486916,0.1093517,22.5,False
0.4719956,0.34392864,0.075541295,0.10853447,22.5,False
0.47648674,0.3394331,0.076283745,0.10779643,23.0,False
0.5939315,0.11791729,0.19402584,0.094125345,8.0,True
0.59047574,0.118338354,0.19590387,0.095281966,8.0,True
0.5869806,0.118824355,0.19773623,0.096458875,8.0,True
0.5834536,0.11937448,0.19951804,0.09765393,8.5,True
0.5799026,0.11998793,0.20124453,0.09886494,8.5,True
0.5763353,0.120663874,0.20291111,0.100089625,8.5,True
0.57234234,0.12204437,0.20409317,0.101520054,9.0,True
0.5683445,0.12349537,0.20519751,0.10296264,9.0,True
0.5643487,0.12501663,0.20622002,0.10441456,9.0,True
0.5603621,0.12660798,0.20715696,0.105872974,9.5,True
0.55639154,0.128269,0.20800468,0.107334785,9.5,True
0.55244386,0.12999928,0.2087599,0.10879692,9.5,True
0.54852587,0.13179824,0.20941974,0.11025614,10.0,True
0.5453104,0.1337048,0.20922406,0.11176078,10.0,True
0.5422567,0.13568816,0.20878738,0.113267705,10.0,True
0.53942233,0.13783461,0.20805529,0.11468779,10.5,True
0.53670007,0.14007767,0.20714921,0.11607302,10.5,True
0.53406817,0.14240092,0.20609844,0.11743244,10.5,True
0.5316296,0.14464858,0.20501761,0.11870419,11.0,True
0.5293546,0.14687105,0.20386893,0.119905405,11.0,True
0.5271755,0.14917481,0.20257656,0.12107316,11.0,True
0.5250939,0.15155819,0.2011441,0.122203805,11.5,True
0.5231113,0.15401942,0.19957565,0.12329372,11.5,True
0.52122873,0.1565563,0.19787572,0.12433921,11.5,True
0.5194473,0.15916641,0.19604944,0.12533675,12.0,True
0.5177677,0.16184704,0.19410227,0.1262829,12.0,True
0.5161906,0.16459507,0.19204013,0.12717421,12.0,True
0.51471615,0.16740714,0.18986915,0.12800744,12.5,True
0.5133449,0.17027955,0.18759605,0.12877952,12.5,True
0.51176715,0.17406912,0.18451847,0.12964526,12.5,True
0.5102175,0.17805907,0.18126321,0.1304602,13.0,True
0.5087395,0.18211792,0.17794521,0.13119732,13.0,True
0.5072796,0.18646674,0.17443612,0.13181753,13.0,True
0.50581217,0.19116524,0.17071706,0.13230546,13.5,True
0.50459677,0.19578898,0.16696733,0.13264702,13.5,True
0.5039452,0.20010784,0.16319072,0.13275632,13.5,True
0.50332636,0.20447186,0.15941712,0.1327846,14.0,True
0.50274134,0.20887084,0.1556562,0.13273159,14.0,True
0.50220215,0.21329969,0.15190685,0.13259126,14.0,True
0.50190926,0.21785074,0.14798965,0.13225032,14.5,True
0.50180376,0.22227873,0.1441469,0.1317706,14.5,True
0.50232023,0.22619551,0.14047824,0.13100599,14.5,True
0.5022412,0.2301975,0.13728024,0.13028106,15.0,True
0.502227,0.23416287,0.13412406,0.12948617,15.0,True
0.502279,0.23808008,0.1310163,0.1286245,15.0,True
0.50239927,0.24193797,0.12796317,0.12769957,15.5,True
0.5025896,0.24572492,0.12497041,0.1267151,15.5,True
0.50284094,0.2494843,0.12201829,0.12565641,15.5,True
0.50305915,0.25363803,0.11892128,0.124381535,16.0,True
0.5033386,0.25769556,0.11590665,0.123059176,16.0,True
0.5036386,0.26188698,0.1128648,0.12160959,16.0,True
0.5039189,0.26636812,0.10973122,0.119981796,16.5,True
0.5042541,0.2707069,0.106709726,0.118329294,16.5,True
0.50510025,0.27429944,0.103995055,0.11660529,16.5,True
0.50638634,0.27731553,0.10150586,0.11479235,17.0,True
0.5083435,0.27949455,0.09930871,0.11285326,17.0,True
0.51039696,0.28146684,0.09720831,0.11092793,17.0,True
0.5125476,0.28322592,0.0952052,0.10902118,17.5,True
0.5147965,0.28476653,0.0932995,0.10713749,17.5,True
0.5175596,0.28574133,0.09149169,0.105207466,17.5,True
0.5206601,0.28629,0.089780614,0.10326932,18.0,True
0.52389294,0.28657818,0.08816537,0.10136353,18.0,True
0.52725583,0.28660554,0.08664517,0.09949346,18.0,True
0.5307461,0.2863727,0.08521912,0.09766211,18.5,True
0.53436023,0.2858813,0.08388624,0.09587221,18.5,True
0.5380943,0.28513402,0.082645476,0.09412619,18.5,True
0.5419436,0.28413454,0.08149572,0.092426136,19.0,True
0.5459031,0.28288734,0.0804358,0.09077384,19.0,True
0.5499666,0.28139803,0.079464555,0.08917087,19.0,True
0.55421704,0.27952805,0.078633405,0.087621555,19.5,True
0.5585614,0.27742553,0.077889405,0.086123735,19.5,True
0.5629874,0.27510536,0.07722912,0.084678106,19.5,True
0.5674863,0.2725768,0.07665157,0.0832853,20.0,True
0.57204854,0.2698498,0.07615581,0.08194583,20.0,True
0.57666415,0.26693487,0.07574092,0.08065999,20.0,True
0.58132255,0.2638432,0.07540612,0.079428084,20.5,True
0.58601296,0.26058626,0.07515065,0.078250125,20.5,True
0.5907237,0.25717613,0.07497394,0.077126175,20.5,True
0.59544325,0.25362518,0.07487542,0.07605615,21.0,True
0.6001594,0.24994597,0.07485463,0.07503992,21.0,True
0.6048599,0.24615145,0.07491126,0.07407732,21.0,True
0.60953236,0.24225451,0.07504504,0.07316809,21.5,True
0.6141639,0.23826829,0.075255856,0.072312035,21.5,True
0.61874187,0.23420559,0.075543635,0.07150882,21.5,True
0.62325376,0.23007958,0.07590848,0.070758194,22.0,True
0.62768686,0.22590277,0.07635055,0.07005983,22.0,True
0.63202864,0.22168785,0.07687006,0.069413476,22.0,True
0.63626677,0.21744695,0.07746741,0.06881885,22.5,True
0.6403892,0.21319212,0.07814296,0.068275675,22.5,True
0.6443842,0.20893475,0.0788973,0.06778371,22.5,True
0.64824045,0.20468582,0.07973094,0.06734271,23.0,True
0.6013112,0.13217351,0.17681585,0.0896994,8.0,True
0.5976511,0.13281104,0.17862348,0.090914354,8.0,True
0.59398615,0.13352184,0.18034396,0.09214804,8.0,True
0.5903244,0.13430579,0.1819713,0.09339847,8.5,True
0.58667374,0.13516289,0.18349986,0.094663605,8.5,True
0.5830418,0.1360929,0.18492413,0.0959412,8.5,True
0.5794414,0.13709718,0.18623416,0.09722729,9.0,True
0.5760268,0.13821718,0.18728554,0.098470494,9.0,True
0.5726445,0.13940814,0.1882263,0.09972105,9.0,True
0.5694786,0.14058323,0.18902336,0.10091486,9.5,True
0.5665088,0.14175418,0.18967943,0.10205761,9.5,True
0.56357646,0.14300002,0.19021983,0.10320361,9.5,True
0.56080925,0.1441358,0.19076565,0.10428924,10.0,True
0.55812687,0.14528906,0.19122943,0.105354704,10.0,True
0.55549246,0.14652131,0.19156793,0.106418274,10.0,True
0.5530401,0.14775309,0.19176607,0.107440844,10.5,True
0.5512536,0.14868966,0.19177373,0.10828292,10.5,True
0.5496242,0.14965603,0.19162625,0.109093554,10.5,True
0.54809684,0.15074241,0.19129604,0.10986474,11.0,True
0.54669917,0.15239331,0.19041106,0.11049647,11.0,True
0.54533136,0.15428548,0.18929428,0.11108885,11.0,True
0.54401135,0.15629001,0.18804301,0.11165559,11.5,True
0.5427524,0.15839514,0.1866608,0.11219171,11.5,True
0.5416242,0.16054508,0.18514967,0.11268113,11.5,True
0.5405397,0.16280319,0.18351814,0.11313899,12.0,True
0.538419,0.16548043,0.18231505,0.11378547,12.0,True
0.53634036,0.16827069,0.18099155,0.11439747,12.0,True
0.5342818,0.17119949,0.17954624,0.11497243,12.5,True
0.5322649,0.1742367,0.17799059,0.11550779,12.5,True
0.5303414,0.17733608,0.17633031,0.11599218,12.5,True
0.5284564,0.18053678,0.1745729,0.116434,13.0,True
0.5266082,0.1838354,0.17272475,0.1168316,13.0,True
0.5247964,0.18737783,0.17069075,0.11713506,13.0,True
0.52301353,0.19112088,0.16850968,0.11735589,13.5,True
0.5213203,0.19493209,0.16624707,0.117500566,13.5,True
0.5199265,0.19892417,0.16365846,0.11749088,13.5,True
0.51832515,0.20354727,0.16064328,0.11748436,14.0,True
0.51674783,0.20824377,0.15760082,0.117407516,14.0,True
0.51519483,0.21300386,0.1545409,0.11726051,14.0,True
0.5136664,0.21781667,0.15147312,0.11704376,14.5,True
0.5121639,0.22267109,0.1484068,0.116758205,14.5,True
0.5106887,0.22755517,0.14535096,0.11640507,14.5,True
0.5092431,0.23245668,0.14231427,0.11598596,15.0,True
0.5078294,0.23736271,0.13930497,0.11550286,15.0,True
0.50645095,0.24226004,0.13633096,0.114958085,15.0,True
0.5052654,0.24693155,0.13348338,0.114319645,15.5,True
0.50426453,0.25138247,0.13075562,0.11359737,15.5,True
0.50331444,0.25589272,0.12802953,0.11276329,15.5,True
0.5024629,0.26038915,0.125335,0.11181294,16.0,True
0.5020151,0.26450938,0.12276807,0.1107074,16.0,True
0.50170094,0.26852766,0.120229796,0.10954173,16.0,True
0.5014726,0.27239734,0.11777694,0.10835313,16.5,True
0.5013349,0.2761057,0.11541312,0.10714638,16.5,True
0.5017074,0.2792991,0.11314268,0.105850816,16.5,True
0.50263524,0.28192747,0.110969126,0.104468174,17.0,True
0.50376576,0.28427708,0.10888708,0.10307012,17.0,True
0.5051342,0.28631476,0.10689481,0.10165634,17.0,True
0.50666046,0.2880913,0.10500356,0.100244574,17.5,True
0.50904346,0.2889875,0.10323397,0.09873506,17.5,True
0.5116533,0.2895501,0.1015677,0.09722883,17.5,True
0.51439834,0.28985643,0.100002445,0.09574286,18.0,True
0.51776147,0.2902086,0.09792372,0.09410629,18.0,True
0.5213814,0.29011658,0.09601528,0.0924868,18.0,True
0.5251047,0.28977972,0.09421542,0.090900205,18.5,True
0.5289278,0.28920093,0.09252239,0.08934887,18.5,True
0.5328467,0.28838402,0.09093438,0.08783487,18.5,True
0.5368568,0.28733376,0.08944948,0.086360045,19.0,True
0.5409528,0.28605542,0.08806575,0.084925935,19.0,True
0.5450686,0.28473654,0.08672446,0.08347045,19.0,True
0.5492055,0.28335166,0.08543497,0.082007885,19.5,True
0.5535598,0.28162622,0.08425659,0.08055742,19.5,True
0.5581482,0.27954602,0.08318902,0.07911686,19.5,True
0.5627538,0.27731463,0.08220548,0.07772617,20.0,True
0.56736857,0.27494073,0.081304684,0.07638605,20.0,True
0.5719844,0.27243322,0.080485344,0.075097054,20.0,True
0.5765928,0.26980135,0.07974629,0.07385959,20.5,True
0.5811852,0.26705453,0.07908635,0.072673924,20.5,True
0.58575284,0.2642025,0.078504406,0.07154028,20.5,True
0.59028685,0.261255,0.0779995,0.070458725,21.0,True
0.59477824,0.25822183,0.07757062,0.069429286,21.0,True
0.599218,0.25511312,0.077216975,0.06845197,21.0,True
0.60359716,0.2519385,0.07693771,0.06752657,21.5,True
0.60790676,0.24870801,0.07673215,0.06665304,21.5,True
0.6121379,0.24543127,0.07659967,0.06583111,21.5,True
0.6162818,0.24211791,0.07653971,0.0650606,22.0,True
0.6204479,0.23867567,0.07655045,0.064325996,22.0,True
0.6249475,0.23484056,0.07662656,0.06358526,22.0,True
0.62935996,0.23097752,0.076771714,0.06289086,22.5,True
0.633675,0.2270971,0.07698542,0.062242538,22.5,True
0.6378831,0.22320953,0.07726734,0.061640006,22.5,True
0.64197505,0.21932463,0.07761723,0.061082993,23.0,True
0.45877272,0.23326594,0.16817248,0.1397888,8.0,False
0.45694304,0.23298383,0.16915096,0.14092208,8.0,False
0.45507345,0.23281316,0.17004837,0.14206497,8.0,False
0.4531685,0.2327542,0.17086175,0.14321549,8.5,False
0.45123264,0.2328072,0.1715885,0.14437161,8.5,False
0.4492704,0.23297231,0.17222615,0.14553115,8.5,False
0.44731268,0.2331574,0.1728416,0.14668828,9.0,False
0.44534606,0.23342283,0.17338802,0.147843,9.0,False
0.44362536,0.23351885,0.17393856,0.14891721,9.0,False
0.44206044,0.23353407,0.174472,0.14993343,9.5,False
0.440475,0.23367798,0.17490265,0.15094447,9.5,False
0.43890736,0.23393743,0.17522201,0.1519333,9.5,False
0.43757036,0.23423405,0.17538771,0.15280788,10.0,False
0.43727872,0.23453541,0.17512792,0.15305799,10.0,False
0.4377314,0.23487718,0.17453672,0.15285474,10.0,False
0.43811277,0.23535404,0.17386338,0.15266982,10.5,False
0.43842128,0.2359655,0.17310987,0.15250334,10.5,False
0.43865535,0.23671101,0.17227837,0.15235525,10.5,False
0.43881345,0.2375899,0.17137122,0.15222545,11.0,False
0.43876025,0.23908004,0.17013624,0.15202351,11.0,False
0.43854985,0.24096644,0.16869496,0.15178873,11.0,False
0.43824714,0.24300595,0.16718088,0.15156598,11.5,False
0.43785256,0.24537598,0.16551135,0.15126012,11.5,False
0.4372845,0.24842162,0.16349855,0.15079525,11.5,False
0.43615448,0.25262007,0.16079572,0.15042968,12.0,False
0.43489096,0.2569935,0.15805024,0.15006524,12.0,False
0.4334927,0.26153708,0.15526927,0.14970095,12.0,False
0.43203178,0.26617151,0.15249275,0.14930394,12.5,False
0.43069303,0.2707027,0.14980826,0.14879605,12.5,False
0.42923766,0.27536613,0.1471121,0.14828414,12.5,False
0.4276665,0.28015485,0.14441055,0.1477681,13.0,False
0.42598087,0.28506133,0.14170973,0.14724794,13.0,False
0.42418295,0.2900775,0.13901567,0.14672388,13.0,False
0.4222751,0.29519466,0.13633408,0.14619611,13.5,False
0.4203903,0.300728,0.13344085,0.14544088,13.5,False
0.41841936,0.30642018,0.13052808,0.14463231,13.5,False
0.41633853,0.31219423,0.12764952,0.14381765,14.0,False
0.41415253,0.31803843,0.12481076,0.14299822,14.0,False
0.41186655,0.32394096,0.12201702,0.14217548,14.0,False
0.4094866,0.32988915,0.119273156,0.14135106,14.5,False
0.40701917,0.33587033,0.11658379,0.14052667,14.5,False
0.40447152,0.3418711,0.113953196,0.13970424,14.5,False
0.40185115,0.34787807,0.11138522,0.13888565,15.0,False
0.39916626,0.35387734,0.1088835,0.13807301,15.0,False
0.39642534,0.359855,0.10645131,0.13726847,15.0,False
0.3936372,0.365797,0.1040915,0.13647425,15.5,False
0.3908112,0.37168926,0.101806805,0.1356927,15.5,False
0.38795668,0.3775177,0.099599466,0.13492616,15.5,False
0.38508326,0.38326827,0.09747154,0.13417701,16.0,False
0.3822005,0.38892713,0.09542477,0.13344763,16.0,False
0.37931833,0.3944805,0.09346064,0.13274051,16.0,False
0.37644637,0.39991513,0.091580406,0.13205804,16.5,False
0.37373185,0.4051052,0.08977879,0.13138421,16.5,False
0.37109584,0.41010875,0.08806136,0.13073407,16.5,False
0.36862698,0.41492012,0.08640895,0.13004392,17.0,False
0.36853352,0.41844487,0.08464096,0.12838061,17.0,False
0.36890513,0.42135313,0.08303695,0.12670492,17.0,False
0.37005,0.4232604,0.08170384,0.124985754,17.5,False
0.37139186,0.42484677,0.08047044,0.12329096,17.5,False
0.37282053,0.4262213,0.07931533,0.121642776,17.5,False
0.37433633,0.42738178,0.07823821,0.120043695,18.0,False
0.3761012,0.42827943,0.077177316,0.118442126,18.0,False
0.37821916,0.42887902,0.07609488,0.11680692,18.0,False
0.3804204,0.4292562,0.07509334,0.11523001,18.5,False
0.38270354,0.4294114,0.074172065,0.113712996,18.5,False
0.38506678,0.42934555,0.0733304,0.11225733,18.5,False
0.38750803,0.42906004,0.072567664,0.11086418,19.0,False
0.39002502,0.42855716,0.07188321,0.10953458,19.0,False
0.39261487,0.4278394,0.07127638,0.108269334,19.0,False
0.39527446,0.4269098,0.070746556,0.1070691,19.5,False
0.3980003,0.42577207,0.070293196,0.10593443,19.5,False
0.40078843,0.42443013,0.069915734,0.10486566,19.5,False
0.40363485,0.4228884,0.069613695,0.10386304,20.0,False
0.40653452,0.42115206,0.06938669,0.10292675,20.0,False
0.40948245,0.41922635,0.06923432,0.10205679,20.0,False
0.41247323,0.41711724,0.06915634,0.10125317,20.5,False
0.41562995,0.4147254,0.069154195,0.100490436,20.5,False
0.4191584,0.4118846,0.06922994,0.099726945,20.5,False
0.42269868,0.40889093,0.06937854,0.09903187,21.0,False
0.42624256,0.40575257,0.06959998,0.09840488,21.0,False
0.4297817,0.40247822,0.069894366,0.097845696,21.0,False
0.43330765,0.39907652,0.07026188,0.097353995,21.5,False
0.43681133,0.39555642,0.070702724,0.096929446,21.5,False
0.44028395,0.3919271,0.07121723,0.0965717,21.5,False
0.44371614,0.3881978,0.07180572,0.096280426,22.0,False
0.44709846,0.38437763,0.07246862,0.09605526,22.0,False
0.4504216,0.38047615,0.07320638,0.09589591,22.0,False
0.4536759,0.37650257,0.07401949,0.09580199,22.5,False
0.45685187,0.3724664,0.0749085,0.09577324,22.5,False
0.45993993,0.36837685,0.0758739,0.09580931,22.5,False
0.46293065,0.36424312,0.0769163,0.09590992,23.0,False
0.45964316,0.23228492,0.17444341,0.13362858,8.0,False
0.45809668,0.23158473,0.17569296,0.13462566,8.0,False
0.45650694,0.23100172,0.17685947,0.13563187,8.0,False
0.4549607,0.230487,0.17793654,0.13661578,8.5,False
0.45357612,0.22997303,0.17891712,0.13753375,8.5,False
0.45214045,0.22959152,0.17980559,0.13846245,8.5,False
0.45065755,0.22934292,0.18059911,0.1394004,9.0,False
0.4491313,0.22922757,0.18129507,0.14034608,9.0,False
0.44756544,0.22924566,0.18189113,0.14129782,9.0,False
0.44596353,0.22939724,0.1823852,0.14225395,9.5,False
0.4443293,0.22968242,0.18277565,0.14321266,9.5,False
0.44267333,0.23023814,0.18298675,0.14410183,9.5,False
0.44100943,0.23126702,0.1829086,0.1448149,10.0,False
0.43932277,0.23244038,0.1827192,0.14551759,10.0,False
0.43799183,0.233712,0.18229821,0.14599793,10.0,False
0.43798414,0.23496376,0.18133931,0.14571269,10.5,False
0.43792158,0.23634292,0.18029341,0.14544204,10.5,False
0.4378606,0.23783621,0.17913654,0.14516667,10.5,False
0.43771452,0.23949274,0.17788756,0.14490518,11.0,False
0.43745443,0.24129398,0.17657878,0.14467281,11.0,False
0.43707904,0.24323843,0.17521332,0.14446919,11.0,False
0.4368272,0.24522945,0.1737471,0.14419626,11.5,False
0.43652415,0.24733233,0.17221877,0.14392476,11.5,False
0.43610278,0.24957095,0.17064503,0.14368124,11.5,False
0.43556204,0.2519431,0.16902953,0.14346531,12.0,False
0.43490124,0.25444633,0.16737589,0.14327653,12.0,False
0.43411988,0.25707784,0.16568778,0.14311445,12.0,False
0.43324637,0.2598549,0.1639381,0.14296064,12.5,False
0.43233046,0.26287174,0.16204901,0.14274874,12.5,False
0.4314269,0.26625136,0.15992688,0.14239487,12.5,False
0.43032494,0.2703736,0.15729196,0.1420094,13.0,False
0.4289308,0.27503982,0.15438451,0.14164487,13.0,False
0.4271669,0.28056026,0.15113716,0.14113563,13.0,False
0.4252087,0.286385,0.1478239,0.14058244,13.5,False
0.42311928,0.29232478,0.14453655,0.1400194,13.5,False
0.42090243,0.29836863,0.1412819,0.13944705,13.5,False
0.41856277,0.3045048,0.13806646,0.138866,14.0,False
0.41610563,0.31072083,0.13489647,0.13827707,14.0,False
0.41353717,0.31700385,0.13177776,0.13768129,14.0,False
0.4108643,0.32334018,0.12871583,0.13707978,14.5,False
0.40809447,0.3297159,0.12571573,0.13647386,14.5,False
0.40523607,0.33611652,0.122782305,0.13586512,14.5,False
0.4022978,0.34252727,0.11991985,0.13525511,15.0,False
0.39929968,0.3489248,0.11713157,0.13464397,15.0,False
0.39635858,0.35521123,0.11441321,0.13401705,15.0,False
0.3933745,0.3614541,0.11177712,0.13339426,15.5,False
0.39035776,0.3676379,0.10922638,0.13277791,15.5,False
0.38824698,0.3731243,0.106704816,0.1319239,15.5,False
0.38611397,0.37870947,0.10418361,0.13099301,16.0,False
0.3838008,0.38481957,0.10151963,0.12985998,16.0,False
0.38148078,0.39079964,0.09896612,0.12875347,16.0,False
0.37916407,0.3966349,0.09652417,0.12767686,16.5,False
0.37686092,0.40231088,0.09419461,0.12663358,16.5,False
0.3754632,0.40741348,0.09191866,0.12520462,16.5,False
0.3756891,0.4113901,0.08970112,0.12321964,17.0,False
0.37624094,0.41489813,0.087610915,0.121249996,17.0,False
0.37685442,0.41819263,0.08562463,0.11932831,17.0,False
0.37753314,0.42126653,0.08374205,0.11745828,17.5,False
0.37828046,0.42411363,0.08196267,0.115643166,17.5,False
0.37943318,0.42640203,0.08031267,0.1138521,17.5,False
0.3809812,0.4282259,0.0787592,0.11203375,18.0,False
0.38257867,0.42983958,0.07730098,0.1102808,18.0,False
0.38422644,0.43124124,0.07593716,0.10859521,18.0,False
0.38592502,0.4324295,0.07466673,0.1069787,18.5,False
0.388056,0.43308955,0.07349743,0.105356984,18.5,False
0.39040828,0.4333933,0.07242259,0.103775784,18.5,False
0.39281216,0.4334806,0.07143722,0.102269985,19.0,False
0.39526606,0.43335345,0.07054024,0.10084031,19.0,False
0.39776772,0.43301433,0.06973074,0.09948728,19.0,False
0.40054172,0.43218488,0.069070764,0.098202616,19.5,False
0.40361753,0.43083167,0.068565644,0.09698519,19.5,False
0.40673387,0.4292791,0.06814221,0.09584477,19.5,False
0.40988597,0.42753282,0.06779992,0.09478125,20.0,False
0.4130684,0.4255989,0.06753824,0.09379441,20.0,False
0.41627553,0.42348364,0.06735675,0.092883974,20.0,False
0.41964635,0.4210331,0.06727035,0.09205017,20.5,False
0.4232105,0.41821536,0.067282,0.09129209,20.5,False
0.42681438,0.41520125,0.06737607,0.09060837,20.5,False
0.43045,0.41199917,0.067552455,0.089998364,21.0,False
0.4341089,0.4086184,0.067811206,0.0894615,21.0,False
0.4377822,0.40506834,0.06815247,0.088997066,21.0,False
0.44146052,0.40135854,0.06857651,0.08860446,21.5,False
0.4451342,0.3974991,0.06908369,0.08828304,21.5,False
0.4487932,0.39350015,0.06967445,0.088032246,21.5,False
0.45242718,0.38937205,0.07034938,0.08785141,22.0,False
0.45602563,0.38512534,0.07110911,0.08774003,22.0,False
0.45957747,0.38077065,0.07195435,0.087697506,22.0,False
0.46307197,0.3763187,0.07288593,0.087723374,22.5,False
0.46649784,0.37178043,0.07390463,0.08781711,22.5,False
0.469844,0.36716637,0.075011425,0.08797822,22.5,False
0.4730992,0.36248735,0.07620719,0.088206306,23.0,False
0.4722333,0.21369743,0.1800991,0.13397007,8.0,False
0.4691544,0.21346396,0.18182847,0.13555326,8.0,False
0.46617368,0.21325679,0.18346202,0.13710746,8.0,False
0.46314162,0.21316749,0.1850036,0.13868725,8.5,False
0.46009102,0.21315362,0.18647324,0.14028206,8.5,False
0.45709658,0.21310142,0.18793485,0.14186719,8.5,False
0.45405442,0.21319716,0.18927331,0.14347517,9.0,False
0.4509725,0.21344058,0.19048381,0.14510316,9.0,False
0.44786972,0.21382043,0.19156872,0.1467411,9.0,False
0.44476563,0.21434262,0.19251035,0.14838141,9.5,False
0.4426727,0.21473481,0.19307534,0.14951715,9.5,False
0.4405615,0.21528114,0.19350009,0.1506573,9.5,False
0.43843618,0.21598162,0.19378275,0.15179953,10.0,False
0.4363005,0.21683612,0.19392191,0.15294142,10.0,False
0.4348768,0.21800686,0.19355905,0.15355733,10.0,False
0.43456563,0.21950512,0.19252662,0.15340266,10.5,False
0.4341889,0.22118396,0.19136319,0.1532639,10.5,False
0.4337205,0.22302824,0.19009769,0.15315358,10.5,False
0.43315876,0.2250369,0.18873341,0.15307088,11.0,False
0.43258604,0.22706625,0.18735883,0.15298887,11.0,False
0.43198937,0.22913593,0.18596287,0.15291184,11.0,False
0.43131617,0.23133238,0.18449596,0.15285553,11.5,False
0.43058515,0.2336542,0.18295327,0.15280746,11.5,False
0.42993578,0.23632666,0.1811251,0.1526124,11.5,False
0.42923832,0.23917066,0.17919262,0.15239833,12.0,False
0.428465,0.2421453,0.17719781,0.15219194,12.0,False
0.42761198,0.24526255,0.17513275,0.15199265,12.0,False
0.4266757,0.24851944,0.17300422,0.15180057,12.5,False
0.4251524,0.25307876,0.17004384,0.151725,12.5,False
0.42353603,0.25842655,0.16664438,0.15139307,12.5,False
0.42183766,0.26405022,0.16312887,0.15098317,13.0,False
0.42002323,0.2698301,0.15959796,0.1505487,13.0,False
0.4185139,0.27535477,0.15618776,0.14994353,13.0,False
0.416997,0.2809108,0.15280801,0.14928429,13.5,False
0.41538325,0.28657383,0.14943926,0.14860359,13.5,False
0.4136749,0.29233342,0.14608946,0.14790225,13.5,False
0.41187447,0.2981781,0.1427662,0.14718127,14.0,False
0.4099854,0.30409592,0.13947684,0.1464419,14.0,False
0.40801173,0.31007454,0.13622823,0.14568555,14.0,False
0.40595824,0.31610084,0.13302705,0.14491385,14.5,False
0.40383035,0.3221616,0.12987943,0.14412864,14.5,False
0.40163404,0.32824293,0.12679115,0.1433319,14.5,False
0.39937586,0.33433077,0.12376755,0.14252578,15.0,False
0.39706296,0.3404108,0.12081356,0.14171267,15.0,False
0.39470285,0.34646842,0.11793375,0.14089493,15.0,False
0.39231846,0.35247397,0.11513778,0.14006983,15.5,False
0.38990566,0.35842514,0.112424426,0.13924475,15.5,False
0.38747144,0.36430916,0.10979624,0.1384231,15.5,False
0.38502467,0.37011144,0.10725614,0.1376078,16.0,False
0.38267577,0.3757632,0.10479659,0.13676447,16.0,False
0.38032955,0.38130507,0.102430545,0.13593481,16.0,False
0.3779853,0.38672885,0.100160584,0.13512526,16.5,False
0.3755501,0.39224243,0.097919226,0.13428822,16.5,False
0.37335014,0.39791635,0.09558181,0.13315167,16.5,False
0.372488,0.40302697,0.09314723,0.13133782,17.0,False
0.3720833,0.40761542,0.09084357,0.12945774,17.0,False
0.37178278,0.41194904,0.088659026,0.12760916,17.0,False
0.37176594,0.4158797,0.08659938,0.12575494,17.5,False
0.3722449,0.41923168,0.084670775,0.12385267,17.5,False
0.37284184,0.4222986,0.08285833,0.12200122,17.5,False
0.37356126,0.4250737,0.08116082,0.12020424,18.0,False
0.3744072,0.4275509,0.079576895,0.11846499,18.0,False
0.37538332,0.4297253,0.07810504,0.11678635,18.0,False
0.3768496,0.4312409,0.076770656,0.115138985,18.5,False
0.3785261,0.43237293,0.0755496,0.11355143,18.5,False
0.3803832,0.43317375,0.07443062,0.112012416,18.5,False
0.38269168,0.43345782,0.07340623,0.110444285,19.0,False
0.3851515,0.43343052,0.07247908,0.10893893,19.0,False
0.38779518,0.43307173,0.071645424,0.10748769,19.0,False
0.39055303,0.43242687,0.07090864,0.10611148,19.5,False
0.39342257,0.43149927,0.0702675,0.104810685,19.5,False
0.39640087,0.43029287,0.069720745,0.103585474,19.5,False
0.39948443,0.42881238,0.069267295,0.10243585,20.0,False
0.40266895,0.42706314,0.068906195,0.10136171,20.0,False
0.40594974,0.42505094,0.0686366,0.10036274,20.0,False
0.40932128,0.4227824,0.06845777,0.09943858,20.5,False
0.41307628,0.4198986,0.0684497,0.09857544,20.5,False
0.41706306,0.416587,0.06857177,0.09777818,20.5,False
0.42111295,0.4130537,0.06878038,0.097052984,21.0,False
0.4252165,0.40930894,0.06907549,0.09639913,21.0,False
0.43023276,0.40487215,0.06937806,0.095516965,21.0,False
0.43541947,0.40016827,0.06975187,0.09466036,21.5,False
0.44041368,0.39565268,0.070122674,0.09381096,21.5,False
0.44524404,0.39126647,0.0705065,0.09298303,21.5,False
0.45005465,0.38675776,0.07096541,0.09222224,22.0,False
0.454833,0.38213903,0.07149973,0.09152817,22.0,False
0.45956644,0.3774232,0.072109886,0.09090051,22.0,False
0.4642421,0.37262276,0.072796345,0.09033882,22.5,False
0.46929815,0.36732668,0.073577814,0.08979732,22.5,False
0.47436407,0.3618867,0.07443924,0.08930992,22.5,False
0.47936514,0.35637403,0.07537868,0.088882156,23.0,False
