start,date,station_id,time,Commuter,Casual,Tourist/Visitor,Concession/Student
5616,2023-05-27,53,08:00:00,27.05328941345215,51.914390563964844,9.885034561157227,11.147290229797363
5617,2023-05-27,89,08:10:00,33.16905212402344,30.065160751342773,18.214963912963867,18.550819396972656
5618,2023-05-27,89,08:20:00,29.34260368347168,26.503280639648438,22.464473724365234,21.68964195251465
5619,2023-05-27,88,08:30:00,23.769886016845703,32.00072479248047,21.9010009765625,22.328386306762695
5620,2023-05-27,158,08:40:00,24.680927276611328,49.20771789550781,11.934534072875977,14.176825523376465
5621,2023-05-27,158,08:50:00,19.473228454589844,57.20059585571289,10.52850341796875,12.797676086425781
5622,2023-05-27,14,09:00:00,18.79996681213379,50.040828704833984,20.88720703125,10.27199935913086
5623,2023-05-27,65,09:10:00,16.7767391204834,51.61429214477539,22.066394805908203,9.542574882507324
5624,2023-05-27,159,09:20:00,18.54553985595703,35.930320739746094,25.989452362060547,19.53468894958496
5625,2023-05-27,172,09:30:00,21.228992462158203,26.08831214904785,16.7817440032959,35.90094757080078
5626,2023-05-27,176,09:40:00,30.101516723632812,40.742340087890625,9.124528884887695,20.031614303588867
5627,2023-05-27,25,09:50:00,33.19801712036133,40.25711441040039,11.427605628967285,15.11727237701416
5628,2023-05-27,65,10:00:00,15.680191040039062,48.14768600463867,26.859363555908203,9.31275749206543
5629,2023-05-27,65,10:10:00,14.100326538085938,53.979496002197266,22.015209197998047,9.9049654006958
5630,2023-05-27,65,10:20:00,16.7625789642334,49.79902648925781,23.090301513671875,10.34809398651123
5631,2023-05-27,65,10:30:00,11.852272987365723,44.6075325012207,33.360599517822266,10.179590225219727
5632,2023-05-27,65,10:40:00,15.329572677612305,47.548423767089844,27.79170036315918,9.330303192138672
5633,2023-05-27,44,10:50:00,16.241436004638672,54.11741638183594,20.29656219482422,9.344582557678223
5634,2023-05-27,14,11:00:00,15.598319053649902,50.918914794921875,24.01911163330078,9.463652610778809
5635,2023-05-27,65,11:10:00,18.394495010375977,46.4869270324707,26.30307960510254,8.815498352050781
5636,2023-05-27,152,11:20:00,20.516626358032227,50.871742248535156,13.777324676513672,14.834309577941895
5637,2023-05-27,65,11:30:00,13.217879295349121,53.956993103027344,22.523813247680664,10.301312446594238
5638,2023-05-27,65,11:40:00,15.715522766113281,47.23345947265625,28.090486526489258,8.960528373718262
5639,2023-05-27,170,11:50:00,20.52802848815918,53.59030532836914,15.550374031066895,10.331292152404785
5640,2023-05-27,65,12:00:00,15.059947967529297,49.70270919799805,26.310123443603516,8.92721176147461
5641,2023-05-27,65,12:10:00,14.448296546936035,48.680301666259766,28.65880584716797,8.21259593963623
5642,2023-05-27,158,12:20:00,14.945155143737793,54.48649597167969,22.308940887451172,8.259401321411133
5643,2023-05-27,65,12:30:00,13.820531845092773,47.229209899902344,29.246490478515625,9.703770637512207
5644,2023-05-27,65,12:40:00,14.803380012512207,48.90882873535156,27.941679000854492,8.346115112304688
5645,2023-05-27,158,12:50:00,20.30025291442871,53.65248107910156,17.33088493347168,8.71638011932373
5646,2023-05-27,158,13:00:00,21.780933380126953,56.876930236816406,9.246661186218262,12.095479011535645
5647,2023-05-27,174,13:10:00,18.078054428100586,43.5704345703125,20.135723114013672,18.215784072875977
5648,2023-05-27,158,13:20:00,16.54143524169922,64.82106018066406,8.457448959350586,10.180057525634766
5649,2023-05-27,175,13:30:00,17.03872299194336,46.46284866333008,23.600242614746094,12.898195266723633
5650,2023-05-27,28,13:40:00,21.834936141967773,52.90327453613281,14.53415584564209,10.727630615234375
5651,2023-05-27,158,13:50:00,17.87925910949707,58.00067901611328,13.5989351272583,10.521126747131348
5652,2023-05-27,158,14:00:00,18.98471450805664,61.10334014892578,10.903759002685547,9.00818920135498
5653,2023-05-27,139,14:10:00,10.215519905090332,72.63123321533203,8.8466157913208,8.306625366210938
5654,2023-05-27,175,14:20:00,23.102970123291016,39.80999755859375,25.217147827148438,11.869876861572266
5655,2023-05-27,177,14:30:00,27.607460021972656,47.86474609375,12.948132514953613,11.579666137695312
5656,2023-05-27,37,14:40:00,19.897720336914062,57.287757873535156,11.416946411132812,11.397573471069336
5657,2023-05-27,65,14:50:00,15.543241500854492,48.09904098510742,24.276866912841797,12.080849647521973
5658,2023-05-27,65,15:00:00,15.59897518157959,45.92266845703125,29.22801399230957,9.250336647033691
5659,2023-05-27,28,15:10:00,17.9775390625,56.161441802978516,14.85783863067627,11.003178596496582
5660,2023-05-27,158,15:20:00,16.026594161987305,63.033348083496094,12.420988082885742,8.51906681060791
5661,2023-05-27,167,15:30:00,27.305301666259766,31.729564666748047,12.768068313598633,28.19706916809082
5662,2023-05-27,65,15:40:00,17.829845428466797,44.04887390136719,27.75140380859375,10.36987590789795
5663,2023-05-27,65,15:50:00,15.976371765136719,46.97592544555664,27.25409698486328,9.793603897094727
5664,2023-05-27,37,16:00:00,27.235342025756836,51.121585845947266,8.796557426452637,12.846514701843262
5665,2023-05-27,148,16:10:00,14.715253829956055,46.28752136230469,31.14133644104004,7.855893135070801
5666,2023-05-27,170,16:20:00,33.257869720458984,36.015953063964844,10.145346641540527,20.580833435058594
5667,2023-05-27,177,16:30:00,22.689603805541992,53.759830474853516,12.112435340881348,11.438135147094727
5668,2023-05-27,170,16:40:00,31.61606216430664,37.352684020996094,12.978448867797852,18.05280303955078
5669,2023-05-27,53,16:50:00,23.750041961669922,56.99735641479492,9.296396255493164,9.956207275390625
5670,2023-05-27,37,17:00:00,25.185165405273438,53.44822311401367,9.1849365234375,12.181670188903809
5671,2023-05-27,177,17:10:00,27.089248657226562,51.45254898071289,11.038761138916016,10.419434547424316
5672,2023-05-27,28,17:20:00,21.05508041381836,53.47737121582031,15.263948440551758,10.20360279083252
5673,2023-05-27,28,17:30:00,20.97480010986328,55.0026969909668,13.899421691894531,10.123085021972656
5674,2023-05-27,56,17:40:00,28.14267921447754,45.1699333190918,10.394804954528809,16.292587280273438
5675,2023-05-27,31,17:50:00,22.232982635498047,54.306495666503906,12.771540641784668,10.688982009887695
5676,2023-05-27,177,18:00:00,28.39400291442871,49.54970169067383,8.965561866760254,13.090729713439941
5677,2023-05-27,37,18:10:00,23.755887985229492,56.30303192138672,9.398841857910156,10.542240142822266
5678,2023-05-27,177,18:20:00,30.49675941467285,46.820133209228516,10.612255096435547,12.07086181640625
5679,2023-05-27,176,18:30:00,25.09046173095703,52.593292236328125,10.350669860839844,11.96557903289795
5680,2023-05-27,37,18:40:00,24.35352325439453,55.421607971191406,9.184232711791992,11.040637016296387
5681,2023-05-27,177,18:50:00,28.56976318359375,51.90213394165039,8.324161529541016,11.203937530517578
5682,2023-05-27,48,19:00:00,24.0198917388916,54.934940338134766,11.221527099609375,9.82364273071289
5683,2023-05-27,52,19:10:00,25.43740463256836,54.78609848022461,10.172240257263184,9.604256629943848
5684,2023-05-27,177,19:20:00,26.959335327148438,51.31172561645508,11.259784698486328,10.469152450561523
5685,2023-05-27,48,19:30:00,22.894149780273438,56.58544158935547,10.733600616455078,9.7868070602417
5686,2023-05-27,177,19:40:00,25.343223571777344,51.083980560302734,9.988320350646973,13.584474563598633
5687,2023-05-27,177,19:50:00,25.36229133605957,54.73534393310547,8.998804092407227,10.903560638427734
5688,2023-05-27,150,20:00:00,15.736258506774902,64.65031433105469,9.596709251403809,10.016717910766602
5689,2023-05-27,177,20:10:00,28.401357650756836,48.611488342285156,9.707011222839355,13.280144691467285
5690,2023-05-27,54,20:20:00,22.294641494750977,57.771846771240234,10.327454566955566,9.606057167053223
5691,2023-05-27,48,20:30:00,22.08455467224121,57.99921417236328,10.397212028503418,9.519020080566406
5692,2023-05-27,37,20:40:00,22.26972198486328,58.03954315185547,10.48783016204834,9.202903747558594
5693,2023-05-27,48,20:50:00,23.03619956970215,56.71802520751953,10.198914527893066,10.046858787536621
5694,2023-05-27,52,21:00:00,22.127216339111328,56.572357177734375,11.54411792755127,9.756307601928711
5695,2023-05-27,37,21:10:00,23.83305549621582,58.19142150878906,8.370061874389648,9.605457305908203
5696,2023-05-27,177,21:20:00,22.01204490661621,56.1191291809082,10.989741325378418,10.879084587097168
5697,2023-05-27,37,21:30:00,22.286069869995117,55.9131965637207,10.262894630432129,11.537839889526367
5698,2023-05-27,177,21:40:00,24.805091857910156,55.56593704223633,9.935956001281738,9.693020820617676
5699,2023-05-27,177,21:50:00,28.97188377380371,48.96611404418945,10.452099800109863,11.609904289245605
5700,2023-05-27,118,22:00:00,17.85371208190918,56.01087188720703,16.31719207763672,9.818224906921387
5701,2023-05-27,59,22:10:00,15.62413501739502,60.25717544555664,14.934478759765625,9.18421459197998
5702,2023-05-27,59,22:20:00,14.345271110534668,57.758121490478516,19.42159652709961,8.475016593933105
5703,2023-05-27,39,22:30:00,27.507658004760742,53.87376403808594,9.141199111938477,9.477387428283691
5704,2023-05-27,39,22:40:00,27.234590530395508,53.4214973449707,9.735355377197266,9.608555793762207
5705,2023-05-27,159,22:50:00,15.092114448547363,60.35563278198242,14.020166397094727,10.532086372375488
5706,2023-05-27,73,23:00:00,22.518991470336914,55.26222610473633,11.97470474243164,10.244083404541016
5724,2023-05-28,145,08:00:00,25.542627334594727,32.446773529052734,15.579343795776367,26.431259155273438
5725,2023-05-28,134,08:10:00,22.707313537597656,28.479572296142578,25.79545783996582,23.017663955688477
5726,2023-05-28,167,08:20:00,20.472190856933594,55.959327697753906,8.336518287658691,15.231961250305176
5727,2023-05-28,136,08:30:00,40.43714141845703,31.66722297668457,6.969583988189697,20.926054000854492
5728,2023-05-28,89,08:40:00,24.818876266479492,29.109773635864258,20.54622459411621,25.525127410888672
5729,2023-05-28,167,08:50:00,22.796403884887695,42.51349639892578,17.722352981567383,16.967748641967773
5730,2023-05-28,175,09:00:00,19.059093475341797,43.51423263549805,22.008113861083984,15.418558120727539
5731,2023-05-28,65,09:10:00,16.975086212158203,47.797183990478516,24.24146842956543,10.9862642288208
5732,2023-05-28,159,09:20:00,16.757713317871094,57.40098190307617,11.676080703735352,14.1652250289917
5733,2023-05-28,134,09:30:00,18.72381591796875,39.47260665893555,26.759864807128906,15.043713569641113
5734,2023-05-28,89,09:40:00,19.694421768188477,24.87462615966797,26.02459144592285,29.406362533569336
5735,2023-05-28,134,09:50:00,25.502811431884766,33.16962432861328,29.54010009765625,11.78746223449707
5736,2023-05-28,65,10:00:00,13.733796119689941,41.318572998046875,33.95189666748047,10.995737075805664
5737,2023-05-28,176,10:10:00,26.97909164428711,48.988685607910156,8.619646072387695,15.412577629089355
5738,2023-05-28,139,10:20:00,18.26270294189453,28.66039276123047,7.0542521476745605,46.022647857666016
5739,2023-05-28,65,10:30:00,12.920207977294922,47.03065872192383,28.845304489135742,11.20382022857666
5740,2023-05-28,65,10:40:00,15.542333602905273,46.555145263671875,28.931854248046875,8.970664024353027
5741,2023-05-28,65,10:50:00,15.420700073242188,46.12329864501953,28.001840591430664,10.454160690307617
5742,2023-05-28,65,11:00:00,17.807159423828125,46.21255111694336,25.1828670501709,10.797417640686035
5743,2023-05-28,65,11:10:00,15.107078552246094,49.55254364013672,25.87748908996582,9.462879180908203
5744,2023-05-28,65,11:20:00,16.60077476501465,47.56608963012695,25.57921600341797,10.253917694091797
5745,2023-05-28,65,11:30:00,13.325352668762207,46.613983154296875,30.8602294921875,9.200433731079102
5746,2023-05-28,65,11:40:00,15.259632110595703,50.04590606689453,25.076011657714844,9.618459701538086
5747,2023-05-28,65,11:50:00,14.954375267028809,48.1009635925293,27.99498176574707,8.949676513671875
5748,2023-05-28,65,12:00:00,14.953825950622559,50.66289138793945,25.43545913696289,8.947827339172363
5749,2023-05-28,143,12:10:00,26.87812042236328,12.27297592163086,5.896828651428223,54.95206832885742
5750,2023-05-28,65,12:20:00,16.479909896850586,44.466102600097656,31.03188133239746,8.02209758758545
5751,2023-05-28,65,12:30:00,14.935855865478516,47.895050048828125,28.030244827270508,9.138846397399902
5752,2023-05-28,65,12:40:00,16.128787994384766,46.999237060546875,27.364425659179688,9.507553100585938
5753,2023-05-28,167,12:50:00,22.146135330200195,47.215335845947266,21.192007064819336,9.446518898010254
5754,2023-05-28,65,13:00:00,16.478071212768555,51.73192596435547,21.839941024780273,9.95005989074707
5755,2023-05-28,65,13:10:00,17.266101837158203,50.423118591308594,21.63433074951172,10.67644214630127
5756,2023-05-28,65,13:20:00,15.317878723144531,50.499176025390625,24.190906524658203,9.992048263549805
5757,2023-05-28,65,13:30:00,15.685680389404297,52.580196380615234,22.477102279663086,9.257020950317383
5758,2023-05-28,148,13:40:00,12.622236251831055,30.744577407836914,47.89133071899414,8.741852760314941
5759,2023-05-28,65,13:50:00,15.952422142028809,49.948307037353516,24.38888931274414,9.710386276245117
5760,2023-05-28,65,14:00:00,16.2491397857666,49.128543853759766,25.476646423339844,9.145669937133789
5761,2023-05-28,145,14:10:00,19.925594329833984,33.19603729248047,19.88930892944336,26.989057540893555
5762,2023-05-28,22,14:20:00,17.9483585357666,53.267127990722656,15.577919006347656,13.206594467163086
5763,2023-05-28,14,14:30:00,18.628557205200195,50.63871383666992,19.584583282470703,11.148143768310547
5764,2023-05-28,158,14:40:00,19.227020263671875,50.66611862182617,15.161713600158691,14.945148468017578
5765,2023-05-28,143,14:50:00,32.381595611572266,37.58363342285156,7.104922294616699,22.92984962463379
5766,2023-05-28,148,15:00:00,19.30266571044922,42.127593994140625,26.95146942138672,11.618267059326172
5767,2023-05-28,164,15:10:00,18.656131744384766,56.045082092285156,12.953535079956055,12.34524917602539
5768,2023-05-28,146,15:20:00,29.822906494140625,39.90506362915039,12.272305488586426,17.999719619750977
5769,2023-05-28,65,15:30:00,15.46047306060791,48.71659469604492,25.700366973876953,10.122563362121582
5770,2023-05-28,65,15:40:00,19.26524543762207,46.44633865356445,24.68629264831543,9.602120399475098
5771,2023-05-28,65,15:50:00,18.925207138061523,47.072242736816406,24.343175888061523,9.659374237060547
5772,2023-05-28,164,16:00:00,18.827072143554688,56.65385055541992,11.28012466430664,13.238951683044434
5773,2023-05-28,164,16:10:00,24.330530166625977,53.5909538269043,9.435291290283203,12.643214225769043
5774,2023-05-28,164,16:20:00,20.26474380493164,51.1544189453125,9.881860733032227,18.698984146118164
5775,2023-05-28,177,16:30:00,28.902950286865234,45.96078872680664,12.74081802368164,12.39543628692627
5776,2023-05-28,37,16:40:00,22.008731842041016,56.90327453613281,9.984823226928711,11.103168487548828
5777,2023-05-28,89,16:50:00,29.52926254272461,35.37263488769531,15.858314514160156,19.239784240722656
5778,2023-05-28,71,17:00:00,22.914470672607422,54.8170280456543,9.846845626831055,12.421655654907227
5779,2023-05-28,28,17:10:00,20.973237991333008,54.72079086303711,14.160399436950684,10.145575523376465
5780,2023-05-28,28,17:20:00,19.315000534057617,56.25288772583008,13.433182716369629,10.99892520904541
5781,2023-05-28,144,17:30:00,22.05377769470215,30.202831268310547,11.76932144165039,35.97407150268555
5782,2023-05-28,14,17:40:00,21.88724136352539,52.95538330078125,14.91291332244873,10.244452476501465
5783,2023-05-28,14,17:50:00,23.82490348815918,51.96772766113281,13.578176498413086,10.629190444946289
5784,2023-05-28,59,18:00:00,24.597867965698242,54.82725524902344,10.14293098449707,10.431944847106934
5785,2023-05-28,59,18:10:00,23.25014305114746,54.9766960144043,11.755983352661133,10.017176628112793
5786,2023-05-28,156,18:20:00,26.431732177734375,54.44677734375,9.288952827453613,9.832541465759277
5787,2023-05-28,14,18:30:00,22.18486785888672,52.66493225097656,15.159801483154297,9.990399360656738
5788,2023-05-28,145,18:40:00,27.414775848388672,41.08798599243164,16.55189323425293,14.945342063903809
5789,2023-05-28,71,18:50:00,22.879709243774414,55.58989715576172,9.919923782348633,11.6104736328125
5790,2023-05-28,71,19:00:00,23.407636642456055,55.474971771240234,10.993741989135742,10.12364387512207
5791,2023-05-28,71,19:10:00,24.342735290527344,55.386566162109375,9.188027381896973,11.082666397094727
5792,2023-05-28,44,19:20:00,22.749608993530273,53.459190368652344,14.091973304748535,9.69922924041748
5793,2023-05-28,147,19:30:00,27.139633178710938,50.76637268066406,11.237004280090332,10.856993675231934
5794,2023-05-28,14,19:40:00,24.18951988220215,52.425960540771484,13.22946548461914,10.155061721801758
5795,2023-05-28,71,19:50:00,25.4907283782959,55.5244026184082,9.429466247558594,9.555398941040039
5796,2023-05-28,156,20:00:00,22.306608200073242,55.19257736206055,11.718433380126953,10.782387733459473
5797,2023-05-28,149,20:10:00,17.13911247253418,64.62325286865234,9.123165130615234,9.114470481872559
5798,2023-05-28,44,20:20:00,22.902023315429688,54.893367767333984,12.542945861816406,9.661663055419922
5799,2023-05-28,147,20:30:00,24.983972549438477,53.583621978759766,9.59613037109375,11.836277961730957
5800,2023-05-28,156,20:40:00,20.681568145751953,59.706634521484375,9.784432411193848,9.82735538482666
5801,2023-05-28,65,20:50:00,21.08930778503418,51.23295974731445,17.70853614807129,9.969195365905762
5802,2023-05-28,149,21:00:00,22.67039680480957,59.36632537841797,8.45748233795166,9.5058012008667
5803,2023-05-28,55,21:10:00,23.12941551208496,57.80900955200195,9.256963729858398,9.804614067077637
5804,2023-05-28,156,21:20:00,17.41399383544922,62.28387451171875,10.277036666870117,10.025097846984863
5805,2023-05-28,53,21:30:00,20.421056747436523,59.24354934692383,10.269684791564941,10.065717697143555
5806,2023-05-28,158,21:40:00,19.835468292236328,55.36552810668945,15.528790473937988,9.270215034484863
5807,2023-05-28,150,21:50:00,19.6562442779541,59.61876678466797,11.168862342834473,9.556126594543457
5808,2023-05-28,44,22:00:00,24.67967987060547,53.689491271972656,11.825142860412598,9.805688858032227
5809,2023-05-28,158,22:10:00,19.788434982299805,60.153839111328125,8.461103439331055,11.596612930297852
5810,2023-05-28,159,22:20:00,16.20142936706543,65.23490905761719,9.36968994140625,9.193961143493652
5811,2023-05-28,141,22:30:00,28.705286026000977,47.50748062133789,11.29150390625,12.495723724365234
5812,2023-05-28,159,22:40:00,23.19641876220703,54.97222137451172,10.896225929260254,10.93513298034668
5813,2023-05-28,133,22:50:00,30.323863983154297,50.0180778503418,9.347443580627441,10.310620307922363
5814,2023-05-28,159,23:00:00,20.311874389648438,52.387779235839844,17.1679744720459,10.132370948791504
