hour,weekday_Commuter,weekday_Casual,weekday_Tourist/Visitor,weekday_Concession/Student,weekend_Commuter,weekend_Casual,weekend_Tourist/Visitor,weekend_Concession/Student
6.0,1709.9615,1540.996,529.15015,1228.3556,1218.5238,1219.7144,433.97595,988.28577
6.1666665,2445.082,2227.5964,730.8259,1642.6912,1679.2231,1712.9248,592.5855,1273.1416
6.3333335,3465.729,3148.5752,948.5806,2145.1157,2168.378,2187.6191,728.58594,1569.8546
6.5,4824.196,4382.0464,1247.1616,2726.6455,2874.6785,2906.1272,923.7386,1949.6428
6.6666665,6619.1934,5730.9834,1535.3071,3371.1265,3643.3623,3620.2122,1092.4612,2284.9648
6.8333335,8768.029,7160.6562,1830.4318,3991.2964,4278.065,4189.931,1240.2006,2497.9282
7.0,11401.582,8858.372,2205.6104,4791.0957,5191.433,4992.5137,1431.4265,2887.1272
7.1666665,14750.276,11239.137,2713.3052,5776.0376,6176.197,6014.4956,1718.0248,3265.6587
7.3333335,18420.855,13695.236,3247.7764,6722.011,7084.683,7031.1377,1981.8243,3546.9175
7.5,23016.316,16904.732,3875.559,7845.5596,8318.992,8182.7383,2262.4714,3958.4854
7.6666665,27732.777,20254.934,4546.0625,8959.762,9397.887,9558.791,2573.2134,4346.547
7.8333335,31071.01,22623.32,4959.2354,9777.224,9933.203,10077.262,2731.6868,4536.7866
8.0,34996.734,25911.74,5574.2646,10786.336,10704.874,11131.592,2951.1367,4822.4624
8.166667,38868.66,29528.664,6249.757,11765.359,11973.259,12792.905,3345.8389,5258.3105
8.333333,36210.703,28455.555,6104.1206,11322.79,11944.74,13290.646,3568.4094,5356.2646
8.5,32544.156,26848.893,5893.1807,10577.558,12030.208,13947.815,3753.5137,5485.5254
8.666667,31904.357,27082.316,5970.072,10507.15,12492.297,14927.359,4068.5996,5726.493
8.833333,24328.43,22049.81,5342.164,8896.299,11205.192,14616.916,4259.365,5538.153
9.0,16021.196,15890.608,4331.8823,7024.1616,9714.525,13598.339,4264.094,5173.605
9.166667,13038.436,13906.239,3982.8838,6353.538,9680.167,13983.25,4275.361,5230.2227
9.333333,11122.776,12725.748,3824.0571,5949.5405,9286.394,13923.518,4348.7095,5210.8794
9.5,9240.408,11257.349,3561.42,5427.724,9002.771,13961.713,4362.8438,5146.173
9.666667,8613.109,11066.581,3542.157,5216.4697,9168.498,14582.079,4513.329,5215.4697
9.833333,7786.336,10246.354,3404.9248,4876.9473,8876.951,14450.295,4588.4355,5086.195
10.0,6948.341,9493.683,3213.1208,4553.0024,8394.198,13844.175,4336.523,4846.4775
10.166667,6648.7256,9314.636,3198.977,4383.9316,8480.288,14196.467,4411.939,4857.931
10.333333,6410.395,9163.975,3149.808,4274.311,8361.013,14144.578,4391.9956,4778.977
10.5,6179.3257,9053.552,3131.257,4118.3057,8317.328,14126.669,4317.331,4669.736
10.666667,6170.9023,9225.525,3203.0366,4055.0,8482.744,14754.943,4523.168,4701.2695
10.833333,5997.434,9074.983,3183.4863,3971.6826,8389.678,14706.59,4549.432,4618.24
11.0,5825.1045,8906.174,3103.2083,3854.9285,8136.3047,14344.949,4331.5264,4433.4077
11.166667,5890.7476,9187.75,3195.5288,3806.0464,8292.253,14848.846,4485.407,4394.371
11.333333,5757.315,8920.346,3117.7773,3677.5366,8105.964,14503.235,4385.812,4264.553
11.5,5902.815,9090.001,3090.1335,3649.0754,8107.526,14464.999,4269.711,4201.7036
11.666667,6149.2056,9507.603,3163.2026,3701.2358,8231.044,14911.384,4339.1104,4205.898
11.833333,6124.543,9652.869,3267.4485,3685.4321,8252.485,15207.235,4525.736,4241.608
12.0,6144.0146,9720.093,3243.0808,3668.7412,8312.156,15407.346,4528.786,4254.3394
12.166667,6409.935,10226.452,3352.2783,3738.9214,8688.24,16088.06,4684.091,4367.8594
12.333333,6389.9575,10167.151,3388.0066,3756.2505,8753.637,16188.176,4716.229,4443.209
12.5,6423.0024,10117.771,3309.4893,3743.76,8834.7705,16302.576,4684.495,4477.0317
12.666667,6630.9146,10489.18,3374.5854,3845.54,9215.208,16938.418,4879.1846,4666.88
12.833333,6622.548,10460.351,3378.6238,3917.8171,9187.099,16929.809,4872.899,4703.6323
13.0,6734.4175,10579.783,3408.2935,3978.5781,9320.562,17078.605,4885.5786,4812.504
13.166667,6996.746,10986.849,3456.25,4118.596,9666.687,17750.432,5060.562,4980.57
13.333333,7041.985,11104.111,3491.1304,4182.5063,9709.488,17883.852,5097.394,5038.827
13.5,7090.8965,11210.205,3541.3213,4225.6743,9961.498,18344.395,5210.501,5170.731
13.666667,7307.037,11525.398,3615.391,4325.7837,10119.724,18548.793,5275.7783,5270.955
13.833333,7127.452,11334.226,3556.378,4296.553,10053.477,18630.463,5296.922,5285.077
14.0,6935.3774,11146.79,3513.5754,4228.8647,10023.514,18744.826,5376.6846,5319.413
14.166667,6900.302,11063.533,3511.9248,4210.433,10128.848,18776.371,5405.557,5347.2227
14.333333,6842.4526,11006.988,3530.7173,4204.599,10113.545,18847.127,5417.987,5361.588
14.5,6843.2456,10874.929,3454.1575,4232.06,10071.491,18607.38,5341.3457,5337.0327
14.666667,6890.8086,10892.955,3428.1663,4257.3613,10093.369,18594.219,5299.077,5338.7114
14.833333,6808.173,10947.267,3490.22,4269.7803,10005.17,18728.82,5367.538,5330.1597
15.0,6971.128,11050.424,3495.7366,4380.933,10014.631,18571.152,5307.5864,5325.006
15.166667,7170.965,11232.134,3534.1038,4445.016,10238.652,18899.385,5391.8174,5400.2095
15.333333,7276.5283,11424.575,3560.3057,4488.7134,10206.364,18943.031,5374.247,5398.982
15.5,7556.462,11751.36,3600.8206,4562.8203,10348.324,19107.98,5396.8467,5415.5356
15.666667,7686.493,11860.63,3581.2168,4590.5356,10436.949,19014.2,5356.2393,5423.987
15.833333,7916.663,12201.058,3669.9756,4669.425,10560.006,19281.418,5447.8447,5464.7935
16.0,8285.543,12462.75,3676.4727,4822.8643,10537.46,19050.137,5334.609,5438.9824
16.166666,8719.543,12882.614,3765.1428,4958.0913,10924.191,19577.795,5393.825,5569.5
16.333334,8804.574,12998.199,3760.563,4916.6626,10887.171,19602.537,5354.502,5512.351
16.5,9627.946,13689.517,3882.1455,5154.4404,11373.075,20208.547,5490.167,5669.147
16.666666,10351.392,14213.915,3985.6853,5297.2007,11647.371,20521.18,5542.0327,5739.4146
16.833334,10946.686,14665.533,4043.216,5458.3193,11765.122,20656.807,5562.2144,5742.6694
17.0,13586.494,16118.755,4303.643,6165.2056,12386.386,21255.475,5648.1177,5873.7725
17.166666,16797.756,18413.076,4706.631,6746.1724,13392.816,22529.916,5890.581,6112.2524
17.333334,16470.217,18567.64,4760.876,6512.4414,13428.199,22899.812,5913.7466,6049.74
17.5,20537.69,20690.902,5072.5405,7225.625,13912.596,23006.02,5934.711,6034.7974
17.666666,27498.129,25756.018,5951.9873,8612.224,15120.866,24258.0,6119.577,6264.4956
17.833334,25147.041,24417.941,5717.145,7919.876,14373.649,23654.709,6059.1626,5977.727
18.0,26408.816,25136.395,5753.7334,8042.466,14671.766,23543.12,5904.5664,5937.173
18.166666,30496.012,28476.857,6240.7314,8787.374,15345.614,24066.742,5923.7827,5981.4883
18.333334,26895.707,26048.865,5761.348,7903.0327,13884.705,22583.121,5595.8994,5504.963
18.5,23960.014,24049.025,5384.2954,7171.276,13310.113,21816.139,5381.101,5313.644
18.666666,22112.691,22528.459,5064.113,6639.1777,12583.307,20722.145,5038.5547,5020.932
18.833334,19037.188,20032.959,4543.665,5886.24,11509.4375,19397.582,4763.302,4701.805
19.0,16284.509,17828.824,4092.2139,5200.184,10772.998,18326.916,4471.0664,4450.146
19.166666,14420.536,16567.305,3871.3064,4751.29,10271.856,17830.74,4313.6274,4273.462
19.333334,12185.766,14632.323,3453.2256,4158.9546,9546.095,16814.816,4091.0486,4040.2896
19.5,10793.373,13423.567,3205.6792,3834.5488,9113.776,16148.007,3932.1877,3918.405
19.666666,9935.009,12706.369,3076.1716,3593.4978,8761.189,15715.019,3813.9097,3765.505
19.833334,9002.256,11879.72,2875.4353,3330.833,8337.299,15070.203,3627.7998,3609.8193
20.0,8787.625,11609.901,2779.9666,3252.702,8252.39,14768.725,3515.2722,3546.365
20.166666,8907.846,11857.491,2803.7773,3254.2783,8325.141,14902.519,3523.53,3558.8745
20.333334,8295.453,11314.439,2688.261,3072.944,7952.8086,14364.205,3406.6533,3403.3948
20.5,8137.8584,11124.247,2625.6316,2992.7756,7847.069,14117.909,3326.4692,3343.3643
20.666666,8222.498,11162.588,2601.8538,2994.6467,7742.032,13743.505,3211.9846,3267.104
20.833334,7633.5503,10551.776,2463.2166,2782.2117,7541.454,13532.516,3146.4924,3173.724
21.0,7632.4756,10494.424,2411.2332,2762.8665,7411.171,13095.205,3020.3145,3088.5588
21.166666,7437.53,10367.665,2358.8315,2653.6086,7283.5146,12952.643,2958.814,2985.0288
21.333334,6788.664,9740.527,2215.0889,2451.1335,6852.753,12359.572,2795.1787,2813.5586
21.5,6466.8584,9433.29,2132.7322,2354.1946,6544.919,11685.995,2638.6638,2640.797
21.666666,5974.3457,8920.368,2036.6409,2209.3535,6246.277,11265.171,2538.6897,2500.674
21.833334,5363.791,8268.164,1901.001,2022.8002,5850.6626,10632.755,2395.691,2360.9546
22.0,5371.553,7974.2266,1807.612,1992.5109,5865.403,10263.094,2266.7063,2312.2969
22.166666,4748.301,7129.2515,1619.6816,1728.7654,5275.461,9140.678,2053.834,2028.8405
22.333334,3958.638,6159.477,1415.0054,1477.0502,4586.1416,8187.2954,1832.8151,1788.5609
22.5,3425.3682,5222.572,1216.2941,1259.4248,4019.8984,7090.9873,1612.5054,1554.6089
22.666666,2892.9094,4514.6226,1040.7346,1069.9291,3544.9832,6281.444,1402.7155,1362.6692
22.833334,2233.0032,3559.013,843.04785,838.4728,2853.999,5164.914,1179.1078,1118.0416
23.0,1760.7037,2838.6658,669.74066,679.3283,2233.0364,4019.8262,917.03186,881.5431
23.166666,1322.0255,2201.4211,525.7931,512.4675,1683.0969,3075.13,702.30365,661.3444
23.333334,988.44415,1636.9589,392.95163,390.23096,1228.1366,2241.0002,508.29742,490.00308
23.5,676.3567,1148.6647,285.02026,273.88498,841.29083,1539.8943,349.0474,339.76758
23.666666,479.6775,788.38574,191.72284,194.67722,564.9398,1000.9973,233.14821,227.60208
23.833334,291.8207,476.6362,115.63741,118.8813,337.34378,584.3245,131.1316,135.32512
